index,gender,dob,commune,created_at,department,education_level,university,current_employed,formal_sector_job,have_computer_home,internet_at_home,hear_AA_1,after_AA,quest_id,Commune_en,Commune_Id,Departement,Payment Method
0,male,25/08/1998,HT0111,2021-02-14,NAN,unknown,unknown,unknown,unknown,unknown,unknown,unknown,unknown,905dc006-ce95-11eb-b2f9-7c67a234f601,,,,
1,female,29/09/1996,HT0111,2021-02-16,HT01,Bachelors (bacc +4),other,No,unknown,Yes,Yes,Friend,Finding a job/internship,905ddcf2-ce95-11eb-9a92-7c67a234f601,Port-au-Prince,HT0111,West,
2,male,17/05/1996,HT0111,2021-02-16,HT01,Bachelors (bacc +4),Université d'Etat d'Haïti (UEH),No,unknown,Yes,Yes,Friend,Improving my data analysis skills,905e2608-ce95-11eb-809f-7c67a234f601,Port-au-Prince,HT0111,West,Moncash
3,male,24/11/1996,HT0111,2021-02-16,HT01,Bachelors (bacc +4),Ecole Supérieure d'Infotronique d'Haïti (ESIH),No,unknown,Yes,Yes,ESIH,Improving my data analysis skills,905e4cf5-ce95-11eb-96a9-7c67a234f601,Port-au-Prince,HT0111,West,
4,male,20/07/1997,HT0111,2021-02-16,HT01,High School (16 years),unknown,No,unknown,Yes,Yes,WhatsApp,Mentorship,905e73fd-ce95-11eb-a7b0-7c67a234f601,Port-au-Prince,HT0111,West,
5,male,03/12/1996,HT0111,2021-02-16,HT01,Other,unknown,No,unknown,Yes,Yes,ESIH,Improving my data analysis skills,905e9b27-ce95-11eb-9c37-7c67a234f601,Port-au-Prince,HT0111,West,
6,female,30/04/1988,HT0111,2021-02-16,HT01,Masters,Ecole Supérieure d'Infotronique d'Haïti (ESIH),Yes,Yes,Yes,Yes,WhatsApp,Improving my data analysis skills,905ec1ec-ce95-11eb-8136-7c67a234f601,Port-au-Prince,HT0111,West,Credit Card/Paypal
7,female,10/09/1996,HT0111,2021-02-16,HT01,Bachelors (bacc +4),Ecole Supérieure d'Infotronique d'Haïti (ESIH),No,unknown,Yes,Yes,WhatsApp,Improving my data analysis skills,905ec1ed-ce95-11eb-829c-7c67a234f601,Port-au-Prince,HT0111,West,Moncash
8,female,03/02/1991,HT0111,2021-02-17,HT01,Bachelors (bacc +4),other,No,unknown,Yes,Yes,ESIH,Mentorship,905ef688-ce95-11eb-9b57-7c67a234f601,Port-au-Prince,HT0111,West,
9,female,10/07/1997,HT0111,2021-02-17,HT01,High School (16 years),unknown,No,unknown,Yes,Yes,WhatsApp,Training to start my own company,905f0fbd-ce95-11eb-b153-7c67a234f601,Port-au-Prince,HT0111,West,
10,female,20/11/1994,HT0111,2021-02-17,HT01,Other,unknown,No,unknown,Yes,Yes,Bootcamp Alumni,Training to start my own company,905f0fbe-ce95-11eb-8396-7c67a234f601,Port-au-Prince,HT0111,West,
11,female,30/12/1994,HT0111,2021-02-17,HT01,Other,unknown,Yes,Yes,Yes,Yes,Facebook,Finding a job/internship,905f36c8-ce95-11eb-bef0-7c67a234f601,Port-au-Prince,HT0111,West,
12,male,09/05/1992,HT0111,2021-02-17,HT01,Bachelors (bacc +4),Université d'Etat d'Haïti (UEH),No,unknown,Yes,Yes,Friend,Training to start my own company,905f36c9-ce95-11eb-aa33-7c67a234f601,Port-au-Prince,HT0111,West,
13,female,3 aout 1977,HT0111,2021-02-17,HT01,unknown,unknown,Yes,Yes,Yes,Yes,Facebook,Mentorship,905f36ca-ce95-11eb-9411-7c67a234f601,Port-au-Prince,HT0111,West,
14,male,26/03/1992,HT0111,2021-02-17,HT01,Bachelors (bacc +4),Ecole Supérieure d'Infotronique d'Haïti (ESIH),Yes,Yes,Yes,Yes,Facebook,Improving my data analysis skills,905f5dbf-ce95-11eb-a1fb-7c67a234f601,Port-au-Prince,HT0111,West,
15,male,01/11/1994,HT0111,2021-02-17,HT01,Other,unknown,No,unknown,Yes,Yes,WhatsApp,Switching careers,905f5dc0-ce95-11eb-8056-7c67a234f601,Port-au-Prince,HT0111,West,
16,female,19/01/1999,HT0111,2021-02-17,HT01,Other,unknown,No,unknown,Yes,Yes,Facebook,Improving my data analysis skills,905f5dc1-ce95-11eb-bfa7-7c67a234f601,Port-au-Prince,HT0111,West,Credit Card/Paypal
17,male,09/10/1987,HT0111,2021-02-17,HT01,Masters,Ecole Supérieure d'Infotronique d'Haïti (ESIH),No,unknown,Yes,Yes,ESIH,Finding a job/internship,905f84ab-ce95-11eb-8886-7c67a234f601,Port-au-Prince,HT0111,West,
18,female,02/05/1995,HT0111,2021-02-17,HT01,Bachelors (bacc +4),Centre de Techniques de Planification et d'Economie Appliquée (CTPEA),No,unknown,Yes,Yes,Bootcamp Alumni,Improving my data analysis skills,905f84ac-ce95-11eb-bf5f-7c67a234f601,Port-au-Prince,HT0111,West,
19,male,05/02/1992,HT0111,2021-02-17,HT01,Bachelors (bacc +4),Université INUKA,No,unknown,Yes,Yes,LinkedIn,Improving my data analysis skills,905fab9d-ce95-11eb-a1ed-7c67a234f601,Port-au-Prince,HT0111,West,
20,female,21/09/1995,HT0111,2021-02-18,HT01,Bachelors (bacc +4),other,Yes,Yes,Yes,Yes,Ayiti Analytics Website,Switching careers,905fab9e-ce95-11eb-a53d-7c67a234f601,Port-au-Prince,HT0111,West,
21,male,20/07/1997,HT0111,2021-02-18,HT01,Bachelors (bacc +4),Université d'Etat d'Haïti (UEH),Yes,Yes,Yes,Yes,WhatsApp,Finding a job/internship,905fd65b-ce95-11eb-b835-7c67a234f601,Port-au-Prince,HT0111,West,
22,male,05/12/1995,HT0111,2021-02-18,HT01,Bachelors (bacc +4),other,No,unknown,Yes,Yes,WhatsApp,Training to start my own company,905ff97f-ce95-11eb-a994-7c67a234f601,Port-au-Prince,HT0111,West,
23,male,25/12/1993,HT0111,2021-02-19,HT01,Bachelors (bacc +4),other,Yes,Yes,Yes,Yes,WhatsApp,Improving my data analysis skills,905ff980-ce95-11eb-98b7-7c67a234f601,Port-au-Prince,HT0111,West,
24,female,09/12/1998,HT0111,2021-02-19,HT01,High School (16 years),unknown,No,unknown,Yes,Yes,Friend,Training to start my own company,90602078-ce95-11eb-bc1d-7c67a234f601,Port-au-Prince,HT0111,West,
25,male,28/02/2021,HT0111,2021-02-19,HT01,High School (16 years),unknown,Yes,Yes,Yes,Yes,WhatsApp,Mentorship,906036c8-ce95-11eb-8c78-7c67a234f601,Port-au-Prince,HT0111,West,
26,male,26/10/1991,HT0111,2021-02-19,HT01,Bachelors (bacc +4),Université INUKA,No,unknown,Yes,No,WhatsApp,Finding a job/internship,9060477c-ce95-11eb-ace3-7c67a234f601,Port-au-Prince,HT0111,West,Credit Card/Paypal
27,male,27/08/1986,HT0111,2021-02-19,HT01,Other,unknown,Yes,Yes,Yes,Yes,WhatsApp,Switching careers,9060477d-ce95-11eb-ab2e-7c67a234f601,Port-au-Prince,HT0111,West,
28,male,13/02/1977,HT0111,2021-02-21,HT03,Bachelors (bacc +4),other,No,unknown,Yes,Yes,Friend,Finding a job/internship,9060617e-ce95-11eb-bd26-7c67a234f601,,,,
29,male,23/08/1986,HT0111,2021-02-21,HT01,Masters,other,No,unknown,Yes,Yes,Facebook,Improving my data analysis skills,906073cb-ce95-11eb-acb0-7c67a234f601,Port-au-Prince,HT0111,West,
30,male,13/01/1989,HT0111,2021-02-22,HT01,Bachelors (bacc +4),Université INUKA,No,unknown,Yes,Yes,Friend,Improving my data analysis skills,906073cc-ce95-11eb-aac4-7c67a234f601,Port-au-Prince,HT0111,West,
31,female,14/04/2000,HT0111,2021-02-22,HT01,Other,unknown,No,unknown,Yes,No,Friend,Finding a job/internship,90609554-ce95-11eb-a24a-7c67a234f601,Port-au-Prince,HT0111,West,Moncash
32,female,31/12/1998,HT0111,2021-02-22,HT01,Other,unknown,No,unknown,Yes,No,Friend,Finding a job/internship,90609555-ce95-11eb-b61a-7c67a234f601,Port-au-Prince,HT0111,West,
33,female,14/05/1995,HT0111,2021-02-23,HT01,Bachelors (bacc +4),other,Yes,Yes,Yes,Yes,Bootcamp Alumni,Finding a job/internship,9060c2e6-ce95-11eb-b8b8-7c67a234f601,Port-au-Prince,HT0111,West,Moncash
34,female,04/10/1996,HT0111,2021-02-23,HT01,Bachelors (bacc +4),Université d'Etat d'Haïti (UEH),No,unknown,Yes,Yes,WhatsApp,Switching careers,9060cbb2-ce95-11eb-bac1-7c67a234f601,Port-au-Prince,HT0111,West,
35,male,,HT0111,2021-02-23,HT01,Other,unknown,No,unknown,Yes,Yes,WhatsApp,Training to start my own company,9060e347-ce95-11eb-abbb-7c67a234f601,Port-au-Prince,HT0111,West,Moncash
36,female,10/01/1997,HT0111,2021-02-23,HT01,Other,unknown,Yes,Yes,Yes,No,Bootcamp Alumni,Switching careers,90610a3c-ce95-11eb-a50e-7c67a234f601,Port-au-Prince,HT0111,West,Moncash
37,female,22/04/1998,HT0111,2021-02-24,HT01,Bachelors (bacc +4),Université d'Etat d'Haïti (UEH),No,unknown,Yes,Yes,LinkedIn,Improving my data analysis skills,90611cd3-ce95-11eb-bebc-7c67a234f601,Port-au-Prince,HT0111,West,Moncash
38,male,26/06/1989,HT0111,2021-02-24,HT01,Bachelors (bacc +4),unknown,No,unknown,Yes,Yes,Friend,Training to start my own company,90611cd4-ce95-11eb-a328-7c67a234f601,Port-au-Prince,HT0111,West,
39,male,16/10/1996,HT0111,2021-02-24,HT01,Bachelors (bacc +4),other,No,unknown,No,No,other,Improving my data analysis skills,9061312a-ce95-11eb-ba28-7c67a234f601,Port-au-Prince,HT0111,West,Credit Card/Paypal
40,male,01/03/1996,HT0111,2021-02-25,HT01,Other,unknown,No,unknown,Yes,Yes,Friend,Improving my data analysis skills,90614c17-ce95-11eb-b604-7c67a234f601,Port-au-Prince,HT0111,West,Moncash
41,male,11/11/1994,HT0111,2021-02-25,HT01,Bachelors (bacc +4),Ecole Supérieure d'Infotronique d'Haïti (ESIH),No,unknown,Yes,Yes,ESIH,Improving my data analysis skills,9061581f-ce95-11eb-af12-7c67a234f601,Port-au-Prince,HT0111,West,Moncash
42,male,03/09/1989,HT0111,2021-02-25,HT01,Other,unknown,Yes,Yes,Yes,Yes,Facebook,Switching careers,90615820-ce95-11eb-9088-7c67a234f601,Port-au-Prince,HT0111,West,
43,male,14/09/1996,HT0111,2021-02-28,HT01,High School (16 years),unknown,No,unknown,Yes,Yes,Facebook,Improving my data analysis skills,906178f8-ce95-11eb-95e9-7c67a234f601,Port-au-Prince,HT0111,West,
44,male,13/12/1987,HT0111,2021-03-02,HT01,Bachelors (bacc +4),Ecole Supérieure d'Infotronique d'Haïti (ESIH),Yes,Yes,Yes,Yes,Facebook,Improving my data analysis skills,90617f12-ce95-11eb-a3c8-7c67a234f601,Port-au-Prince,HT0111,West,Credit Card/Paypal
45,male,13/10/1996,HT0111,2021-03-02,HT01,Other,unknown,Yes,Yes,Yes,Yes,WhatsApp,other,90617f13-ce95-11eb-bc4e-7c67a234f601,Port-au-Prince,HT0111,West,Moncash
46,male,10/12/2001,HT0111,2021-03-03,HT01,High School (16 years),unknown,No,unknown,Yes,Yes,other,Finding a job/internship,9061a61c-ce95-11eb-ba30-7c67a234f601,Port-au-Prince,HT0111,West,
47,female,01/11/1996,HT0111,2021-03-03,HT01,Bachelors (bacc +4),Centre de Techniques de Planification et d'Economie Appliquée (CTPEA),No,unknown,Yes,Yes,other,Mentorship,9061a61d-ce95-11eb-a939-7c67a234f601,Port-au-Prince,HT0111,West,Moncash
48,male,17/04/1996,HT0111,2021-03-03,HT01,Bachelors (bacc +4),Université d'Etat d'Haïti (UEH),No,unknown,Yes,Yes,WhatsApp,Improving my data analysis skills,9061d752-ce95-11eb-afc7-7c67a234f601,Port-au-Prince,HT0111,West,
49,male,31/07/2000,HT0111,2021-03-04,HT01,High School (16 years),unknown,No,unknown,Yes,Yes,Friend,Improving my data analysis skills,9061d753-ce95-11eb-967a-7c67a234f601,Port-au-Prince,HT0111,West,Moncash
50,male,31/05/1995,HT0111,2021-03-08,HT01,Bachelors (bacc +4),other,Yes,Yes,Yes,Yes,LinkedIn,Finding a job/internship,9061d754-ce95-11eb-a086-7c67a234f601,Port-au-Prince,HT0111,West,
51,male,05/12/1995,HT0111,2021-03-09,HT01,High School (16 years),unknown,No,unknown,Yes,Yes,Facebook,Improving my data analysis skills,9061f3ee-ce95-11eb-a9d9-7c67a234f601,Port-au-Prince,HT0111,West,
52,male,09/12/1997,HT0111,2021-03-10,HT01,Bachelors (bacc +4),unknown,No,unknown,Yes,Yes,WhatsApp,Training to start my own company,90620452-ce95-11eb-9ec8-7c67a234f601,Port-au-Prince,HT0111,West,
53,male,19/10/1993,HT0111,2021-03-10,HT01,unknown,unknown,Yes,Yes,Yes,Yes,Ayiti Analytics Website,Improving my data analysis skills,90620453-ce95-11eb-bb57-7c67a234f601,Port-au-Prince,HT0111,West,
54,male,14/04/1986,HT0111,2021-03-10,HT01,Masters,Université INUKA,No,unknown,Yes,Yes,WhatsApp,Improving my data analysis skills,90621ae1-ce95-11eb-8a7d-7c67a234f601,Port-au-Prince,HT0111,West,
55,male,03/08/1990,HT0111,2021-03-10,HT01,Other,unknown,No,unknown,Yes,No,LinkedIn,Improving my data analysis skills,90622d22-ce95-11eb-a50b-7c67a234f601,Port-au-Prince,HT0111,West,
56,male,05/07/2002,HT0111,2021-03-11,HT01,High School (16 years),unknown,No,unknown,Yes,Yes,Friend,Improving my data analysis skills,90622d23-ce95-11eb-8598-7c67a234f601,Port-au-Prince,HT0111,West,
57,male,05/05/1996,HT0111,2021-03-11,HT01,Bachelors (bacc +4),other,Yes,Yes,Yes,Yes,LinkedIn,Improving my data analysis skills,906241d4-ce95-11eb-a1eb-7c67a234f601,Port-au-Prince,HT0111,West,
58,male,,HT0111,2021-03-14,HT01,Bachelors (bacc +4),Ecole Supérieure d'Infotronique d'Haïti (ESIH),No,unknown,Yes,Yes,ESIH,other,906241d5-ce95-11eb-9850-7c67a234f601,Port-au-Prince,HT0111,West,Moncash
59,male,22/03/1992,HT0112,2021-02-16,HT01,Bachelors (bacc +4),other,Yes,Yes,Yes,Yes,Bootcamp Alumni,unknown,90625b11-ce95-11eb-b351-7c67a234f601,Delmas,HT0112,West,
60,male,07/09/1996,HT0112,2021-02-16,HT01,Bachelors (bacc +4),other,No,unknown,Yes,Yes,Friend,Improving my data analysis skills,90626928-ce95-11eb-8f5e-7c67a234f601,Delmas,HT0112,West,
61,male,28/07/1994,HT0112,2021-02-16,HT01,Bachelors (bacc +4),Ecole Supérieure d'Infotronique d'Haïti (ESIH),No,unknown,Yes,No,Friend,Training to start my own company,90626929-ce95-11eb-86fe-7c67a234f601,Delmas,HT0112,West,
62,male,25/06/1997,HT0112,2021-02-16,HT01,High School (16 years),unknown,No,unknown,Yes,No,Friend,Improving my data analysis skills,9062692a-ce95-11eb-8ab8-7c67a234f601,Delmas,HT0112,West,Moncash
63,male,30/10/1995,HT0112,2021-02-16,HT01,Bachelors (bacc +4),Université d'Etat d'Haïti (UEH),No,unknown,Yes,Yes,WhatsApp,Finding a job/internship,90628a02-ce95-11eb-9291-7c67a234f601,Delmas,HT0112,West,Moncash
64,female,23/08/1998,HT0112,2021-02-16,HT01,Other,unknown,No,unknown,Yes,Yes,Friend,Improving my data analysis skills,90628fbe-ce95-11eb-bb9e-7c67a234f601,Delmas,HT0112,West,
65,male,17/05/1997,HT0112,2021-02-16,HT01,Other,unknown,No,unknown,Yes,Yes,Bootcamp Alumni,Improving my data analysis skills,90628fbf-ce95-11eb-819c-7c67a234f601,Delmas,HT0112,West,Moncash
66,male,25/12/1998,HT0112,2021-02-16,HT01,High School (16 years),unknown,No,unknown,Yes,Yes,Friend,Improving my data analysis skills,90628fc0-ce95-11eb-8dae-7c67a234f601,Delmas,HT0112,West,Moncash
67,male,01/10/1995,HT0112,2021-02-16,HT01,Bachelors (bacc +4),Université d'Etat d'Haïti (UEH),No,unknown,Yes,Yes,Friend,Improving my data analysis skills,9062b753-ce95-11eb-8959-7c67a234f601,Delmas,HT0112,West,
68,male,31/03/1996,HT0112,2021-02-16,HT01,High School (16 years),unknown,No,unknown,Yes,Yes,Instagram,Finding a job/internship,9062b754-ce95-11eb-b31e-7c67a234f601,Delmas,HT0112,West,Credit Card/Paypal
69,female,20/09/1993,HT0112,2021-02-16,HT01,Bachelors (bacc +4),other,No,unknown,No,Yes,WhatsApp,Improving my data analysis skills,9062b755-ce95-11eb-85a2-7c67a234f601,Delmas,HT0112,West,Moncash
70,male,15/10/1983,HT0112,2021-02-16,HT01,Bachelors (bacc +4),Université d'Etat d'Haïti (UEH),Yes,Yes,Yes,Yes,WhatsApp,Finding a job/internship,9062ddb1-ce95-11eb-bd2f-7c67a234f601,Delmas,HT0112,West,
71,male,09/07/1995,HT0112,2021-02-16,HT01,Bachelors (bacc +4),other,Yes,Yes,Yes,No,WhatsApp,Finding a job/internship,9062ddb2-ce95-11eb-89d0-7c67a234f601,Delmas,HT0112,West,
72,female,19/02/1999,HT0112,2021-02-17,HT01,Bachelors (bacc +4),unknown,No,unknown,Yes,Yes,Instagram,Training to start my own company,9062ddb3-ce95-11eb-acc8-7c67a234f601,Delmas,HT0112,West,
73,female,20/09/1998,HT0112,2021-02-17,HT01,High School (16 years),unknown,No,unknown,Yes,Yes,Ayiti Analytics Website,Improving my data analysis skills,906304a6-ce95-11eb-b475-7c67a234f601,Delmas,HT0112,West,
74,male,09/04/1995,HT0112,2021-02-17,HT01,Other,unknown,No,unknown,Yes,Yes,Friend,Mentorship,906304a7-ce95-11eb-b805-7c67a234f601,Delmas,HT0112,West,
75,male,28/10/1998,HT0112,2021-02-17,HT01,Other,unknown,No,unknown,Yes,Yes,LinkedIn,Training to start my own company,90632b9f-ce95-11eb-bb7f-7c67a234f601,Delmas,HT0112,West,
76,male,22/06/1996,HT0112,2021-02-17,HT01,High School (16 years),unknown,Yes,Yes,Yes,Yes,WhatsApp,Finding a job/internship,90632ba0-ce95-11eb-b7c2-7c67a234f601,Delmas,HT0112,West,
77,male,01/06/1996,HT0112,2021-02-17,HT01,Bachelors (bacc +4),Ecole Supérieure d'Infotronique d'Haïti (ESIH),No,unknown,Yes,Yes,ESIH,Improving my data analysis skills,9063799a-ce95-11eb-b32b-7c67a234f601,Delmas,HT0112,West,
78,male,16/11/1983,HT0112,2021-02-17,HT01,Bachelors (bacc +4),Université INUKA,Yes,Yes,Yes,Yes,Friend,Improving my data analysis skills,9063a260-ce95-11eb-87e8-7c67a234f601,Delmas,HT0112,West,
79,male,15/12/1995,HT0112,2021-02-17,HT01,Other,unknown,No,unknown,Yes,Yes,WhatsApp,Finding a job/internship,9063c77d-ce95-11eb-a120-7c67a234f601,Delmas,HT0112,West,
80,male,28/12/1987,HT0112,2021-02-17,HT01,Bachelors (bacc +4),other,No,unknown,Yes,Yes,WhatsApp,Training to start my own company,9063c77e-ce95-11eb-81b3-7c67a234f601,Delmas,HT0112,West,
81,male,30/01/1997,HT0112,2021-02-17,HT01,Bachelors (bacc +4),Université INUKA,No,unknown,Yes,Yes,WhatsApp,Improving my data analysis skills,9063ee76-ce95-11eb-a84b-7c67a234f601,Delmas,HT0112,West,
82,male,03/12/1999,HT0112,2021-02-18,HT01,High School (16 years),unknown,unknown,unknown,No,Yes,Instagram,Training to start my own company,9063ee77-ce95-11eb-9098-7c67a234f601,Delmas,HT0112,West,
83,male,19/09/1980,HT0112,2021-02-18,HT01,Other,unknown,No,unknown,Yes,Yes,LinkedIn,Switching careers,9063ee78-ce95-11eb-a8d6-7c67a234f601,Delmas,HT0112,West,
84,male,30/12/1992,HT0112,2021-02-18,HT01,Bachelors (bacc +4),Ecole Supérieure d'Infotronique d'Haïti (ESIH),No,unknown,Yes,Yes,ESIH,Improving my data analysis skills,90642613-ce95-11eb-8b26-7c67a234f601,Delmas,HT0112,West,Moncash
85,male,12/02/1997,HT0112,2021-02-18,HT01,Bachelors (bacc +4),Ecole Supérieure d'Infotronique d'Haïti (ESIH),No,unknown,Yes,Yes,ESIH,Improving my data analysis skills,90642614-ce95-11eb-8db0-7c67a234f601,Delmas,HT0112,West,
86,male,30/01/1990,HT0112,2021-02-18,HT01,Bachelors (bacc +4),Université d'Etat d'Haïti (UEH),No,unknown,Yes,Yes,Friend,Finding a job/internship,90643c59-ce95-11eb-aec2-7c67a234f601,Delmas,HT0112,West,
87,male,21/06/1996,HT0112,2021-02-18,HT01,Other,unknown,Yes,Yes,Yes,Yes,Friend,Training to start my own company,90643c5a-ce95-11eb-b510-7c67a234f601,Delmas,HT0112,West,Moncash
88,male,29/05/1991,HT0112,2021-02-18,HT01,Other,unknown,No,unknown,Yes,No,Friend,Training to start my own company,90646353-ce95-11eb-9f27-7c67a234f601,Delmas,HT0112,West,
89,male,19/09/1974,HT0112,2021-02-18,HT01,Bachelors (bacc +4),other,Yes,Yes,Yes,Yes,LinkedIn,Training to start my own company,90646354-ce95-11eb-a5c9-7c67a234f601,Delmas,HT0112,West,
90,male,29/12/1994,HT0112,2021-02-18,HT01,Bachelors (bacc +4),Quisqueya University,No,unknown,Yes,No,Friend,Switching careers,90646355-ce95-11eb-ae9f-7c67a234f601,Delmas,HT0112,West,
91,female,16/10/1997,HT0112,2021-02-18,HT01,Other,unknown,No,unknown,Yes,Yes,Facebook,Improving my data analysis skills,9064923a-ce95-11eb-a2ad-7c67a234f601,Delmas,HT0112,West,Moncash
92,male,14/08/2021,HT0112,2021-02-18,HT01,Other,unknown,No,unknown,Yes,Yes,Friend,Improving my data analysis skills,9064923b-ce95-11eb-a771-7c67a234f601,Delmas,HT0112,West,
93,male,06/07/1998,HT0112,2021-02-18,HT01,Other,unknown,No,unknown,Yes,Yes,Friend,Finding a job/internship,9064b6be-ce95-11eb-b2ac-7c67a234f601,Delmas,HT0112,West,Moncash
94,male,30/01/1991,HT0112,2021-02-19,HT01,Other,unknown,No,unknown,Yes,No,WhatsApp,Finding a job/internship,9064c427-ce95-11eb-9d48-7c67a234f601,Delmas,HT0112,West,
95,male,19/03/1991,HT0112,2021-02-19,HT01,Bachelors (bacc +4),Université INUKA,No,unknown,Yes,No,Friend,Improving my data analysis skills,9064c428-ce95-11eb-a021-7c67a234f601,Delmas,HT0112,West,Moncash
96,male,14/04/1989,HT0112,2021-02-19,HT01,Bachelors (bacc +4),Ecole Supérieure d'Infotronique d'Haïti (ESIH),Yes,Yes,Yes,Yes,WhatsApp,Improving my data analysis skills,9064d839-ce95-11eb-8172-7c67a234f601,Delmas,HT0112,West,
97,male,01/05/1988,HT0112,2021-02-19,HT01,Bachelors (bacc +4),Ecole Supérieure d'Infotronique d'Haïti (ESIH),Yes,Yes,Yes,Yes,WhatsApp,Improving my data analysis skills,9064d83a-ce95-11eb-9bef-7c67a234f601,Delmas,HT0112,West,
98,male,20/01/1987,HT0112,2021-02-20,HT01,Bachelors (bacc +4),Université INUKA,Yes,Yes,Yes,Yes,Ayiti Analytics Website,Improving my data analysis skills,9064d83b-ce95-11eb-a034-7c67a234f601,Delmas,HT0112,West,
99,male,21/04/1991,HT0112,2021-02-20,HT01,Bachelors (bacc +4),Université d'Etat d'Haïti (UEH),Yes,No,Yes,Yes,Friend,Improving my data analysis skills,9064d83c-ce95-11eb-bc96-7c67a234f601,Delmas,HT0112,West,
100,male,12/06/1997,HT0112,2021-02-20,HT01,Bachelors (bacc +4),other,No,unknown,Yes,Yes,Bootcamp Alumni,Improving my data analysis skills,9064ff26-ce95-11eb-8428-7c67a234f601,Delmas,HT0112,West,Moncash
101,male,13/07/1990,HT0112,2021-02-21,HT01,Bachelors (bacc +4),Université d'Etat d'Haïti (UEH),No,unknown,Yes,Yes,LinkedIn,Finding a job/internship,9064ff27-ce95-11eb-aaa6-7c67a234f601,Delmas,HT0112,West,Moncash
102,female,17/06/1989,HT0112,2021-02-23,HT01,Masters,Ecole Supérieure d'Infotronique d'Haïti (ESIH),Yes,Yes,Yes,Yes,Bootcamp Alumni,Improving my data analysis skills,9064ff28-ce95-11eb-857f-7c67a234f601,Delmas,HT0112,West,Credit Card/Paypal
103,female,28/08/1986,HT0112,2021-02-23,HT01,Masters,other,No,unknown,Yes,Yes,WhatsApp,Finding a job/internship,9064ff29-ce95-11eb-a3d3-7c67a234f601,Delmas,HT0112,West,Credit Card/Paypal
104,male,06/01/1994,HT0112,2021-02-23,HT01,Other,unknown,No,unknown,Yes,Yes,WhatsApp,Mentorship,9064ff2a-ce95-11eb-8430-7c67a234f601,Delmas,HT0112,West,
105,male,14/12/1996,HT0112,2021-02-24,HT01,Bachelors (bacc +4),other,Yes,Yes,Yes,Yes,Friend,Finding a job/internship,90652a93-ce95-11eb-a8af-7c67a234f601,Delmas,HT0112,West,Moncash
106,female,17/07/1994,HT0112,2021-02-25,HT01,Other,unknown,No,unknown,No,No,Bootcamp Alumni,Finding a job/internship,90652a94-ce95-11eb-892d-7c67a234f601,Delmas,HT0112,West,
107,male,23/03/1994,HT0112,2021-02-25,HT01,Bachelors (bacc +4),Université INUKA,No,unknown,Yes,Yes,Ayiti Analytics Website,Mentorship,90652a95-ce95-11eb-8845-7c67a234f601,Delmas,HT0112,West,
108,male,11/06/1995,HT0112,2021-02-25,HT01,Bachelors (bacc +4),Centre de Techniques de Planification et d'Economie Appliquée (CTPEA),No,unknown,Yes,Yes,LinkedIn,Improving my data analysis skills,90652a96-ce95-11eb-97b2-7c67a234f601,Delmas,HT0112,West,
109,male,06/06/1999,HT0112,2021-02-25,HT01,Bachelors (bacc +4),Ecole Supérieure d'Infotronique d'Haïti (ESIH),No,unknown,Yes,Yes,ESIH,Improving my data analysis skills,90652a97-ce95-11eb-856d-7c67a234f601,Delmas,HT0112,West,
110,male,04/09/1994,HT0112,2021-02-26,HT01,Other,unknown,Yes,Yes,Yes,Yes,Friend,Training to start my own company,906555be-ce95-11eb-9d03-7c67a234f601,Delmas,HT0112,West,
111,male,13/12/1997,HT0112,2021-02-27,HT01,High School (16 years),unknown,Yes,Yes,Yes,Yes,WhatsApp,Improving my data analysis skills,906555bf-ce95-11eb-92ac-7c67a234f601,Delmas,HT0112,West,
112,male,21/10/1998,HT0112,2021-02-27,HT01,Other,unknown,No,unknown,Yes,Yes,Friend,Switching careers,906555c0-ce95-11eb-a091-7c67a234f601,Delmas,HT0112,West,
113,male,07/11/1991,HT0112,2021-03-01,HT01,Bachelors (bacc +4),Ecole Supérieure d'Infotronique d'Haïti (ESIH),No,unknown,Yes,Yes,ESIH,Finding a job/internship,906555c1-ce95-11eb-95e0-7c67a234f601,Delmas,HT0112,West,Moncash
114,female,17/11/1988,HT0112,2021-03-03,HT01,Masters,other,No,unknown,Yes,Yes,Friend,Improving my data analysis skills,9065740c-ce95-11eb-968f-7c67a234f601,Delmas,HT0112,West,Credit Card/Paypal
115,male,20/10/1980,HT0112,2021-03-03,HT01,Bachelors (bacc +4),other,No,unknown,No,No,Facebook,Training to start my own company,90658229-ce95-11eb-ab19-7c67a234f601,Delmas,HT0112,West,
116,female,,HT0112,2021-03-03,HT01,Bachelors (bacc +4),Université d'Etat d'Haïti (UEH),No,unknown,Yes,Yes,Friend,Improving my data analysis skills,9065822a-ce95-11eb-9df5-7c67a234f601,Delmas,HT0112,West,
117,male,07/12/1970,HT0112,2021-03-05,HT01,Masters,other,Yes,Yes,Yes,Yes,other,Improving my data analysis skills,9065822b-ce95-11eb-a3e6-7c67a234f601,Delmas,HT0112,West,
118,male,23/06/1996,HT0112,2021-03-06,HT01,Bachelors (bacc +4),other,No,unknown,Yes,Yes,Friend,Improving my data analysis skills,90659aff-ce95-11eb-bcbe-7c67a234f601,Delmas,HT0112,West,Moncash
119,male,31/12/1997,HT0112,2021-03-06,HT01,Bachelors (bacc +4),Centre de Techniques de Planification et d'Economie Appliquée (CTPEA),No,unknown,Yes,Yes,Bootcamp Alumni,Improving my data analysis skills,90659b00-ce95-11eb-9e8f-7c67a234f601,Delmas,HT0112,West,Moncash
120,male,27/03/1994,HT0112,2021-03-06,HT01,Bachelors (bacc +4),Université INUKA,No,unknown,Yes,No,Friend,Improving my data analysis skills,90659b01-ce95-11eb-b7ea-7c67a234f601,Delmas,HT0112,West,Moncash
121,male,19/03/1990,HT0112,2021-03-07,HT01,"Doctorate (PhD, MD, JD)",other,Yes,Yes,Yes,Yes,Friend,Improving my data analysis skills,90659b02-ce95-11eb-a379-7c67a234f601,Delmas,HT0112,West,
122,male,28/01/2001,HT0112,2021-03-08,HT01,High School (16 years),unknown,No,unknown,Yes,Yes,Ayiti Analytics Website,Switching careers,9065cffb-ce95-11eb-b326-7c67a234f601,Delmas,HT0112,West,
123,male,15/10/1996,HT0112,2021-03-08,HT01,Bachelors (bacc +4),other,No,unknown,No,Yes,Facebook,Finding a job/internship,9065e939-ce95-11eb-9702-7c67a234f601,Delmas,HT0112,West,
124,female,06/09/1997,HT0112,2021-03-10,HT01,Bachelors (bacc +4),Université d'Etat d'Haïti (UEH),No,unknown,Yes,Yes,ESIH,Improving my data analysis skills,9065e93a-ce95-11eb-887d-7c67a234f601,Delmas,HT0112,West,
125,female,29/12/1998,HT0112,2021-03-10,HT01,Bachelors (bacc +4),Ecole Supérieure d'Infotronique d'Haïti (ESIH),No,unknown,Yes,Yes,ESIH,Improving my data analysis skills,90660fe1-ce95-11eb-a30e-7c67a234f601,Delmas,HT0112,West,
126,male,23/08/1992,HT0112,2021-03-11,HT01,Bachelors (bacc +4),Université d'Etat d'Haïti (UEH),No,unknown,Yes,Yes,Facebook,Switching careers,90660fe2-ce95-11eb-a2b5-7c67a234f601,Delmas,HT0112,West,
127,male,05/12/1994,HT0112,2021-03-12,HT01,Bachelors (bacc +4),other,Yes,Yes,Yes,Yes,Ayiti Analytics Website,Improving my data analysis skills,90660fe3-ce95-11eb-8747-7c67a234f601,Delmas,HT0112,West,
128,male,01/01/1988,HT0112,2021-03-13,HT01,Bachelors (bacc +4),Quisqueya University,Yes,Yes,Yes,Yes,LinkedIn,Improving my data analysis skills,906636ce-ce95-11eb-ba43-7c67a234f601,Delmas,HT0112,West,
129,male,08/11/1981,HT0112,2021-03-13,HT01,Masters,other,Yes,Yes,Yes,Yes,Friend,Improving my data analysis skills,906636cf-ce95-11eb-8679-7c67a234f601,Delmas,HT0112,West,Credit Card/Paypal
130,male,16/05/1995,HT0521,2021-02-16,HT05,Other,unknown,No,unknown,Yes,Yes,WhatsApp,Training to start my own company,906636d0-ce95-11eb-9875-7c67a234f601,Gros Morne,HT0521,Artibonite,
131,male,13/12/1994,HT0118,2021-02-16,HT01,Bachelors (bacc +4),other,Yes,Yes,Yes,Yes,Friend,Training to start my own company,906636d1-ce95-11eb-8379-7c67a234f601,Tabarre,HT0118,West,
132,male,11/06/1992,HT0118,2021-02-17,HT01,Bachelors (bacc +4),Centre de Techniques de Planification et d'Economie Appliquée (CTPEA),No,unknown,Yes,No,LinkedIn,Improving my data analysis skills,90665dbc-ce95-11eb-8162-7c67a234f601,Tabarre,HT0118,West,Moncash
133,male,26/12/1996,HT0118,2021-02-17,HT01,Other,unknown,No,unknown,Yes,Yes,WhatsApp,Improving my data analysis skills,90665dbd-ce95-11eb-bcc1-7c67a234f601,Tabarre,HT0118,West,Moncash
134,female,03/08/1999,HT0118,2021-02-17,HT01,High School (16 years),unknown,No,unknown,Yes,Yes,other,Improving my data analysis skills,90665dbe-ce95-11eb-b66a-7c67a234f601,Tabarre,HT0118,West,
135,female,16/09/1998,HT0118,2021-02-17,HT01,Bachelors (bacc +4),Ecole Supérieure d'Infotronique d'Haïti (ESIH),No,unknown,Yes,Yes,ESIH,Training to start my own company,90665dbf-ce95-11eb-a9b5-7c67a234f601,Tabarre,HT0118,West,
136,male,02/02/1994,HT0118,2021-02-18,HT01,Bachelors (bacc +4),Ecole Supérieure d'Infotronique d'Haïti (ESIH),No,unknown,Yes,Yes,WhatsApp,Finding a job/internship,90665dc0-ce95-11eb-926f-7c67a234f601,Tabarre,HT0118,West,Moncash
137,female,27/08/1992,HT0118,2021-02-18,HT01,Masters,Université d'Etat d'Haïti (UEH),No,unknown,Yes,Yes,Friend,Improving my data analysis skills,90668798-ce95-11eb-86fc-7c67a234f601,Tabarre,HT0118,West,Moncash
138,male,29/09/1999,HT0118,2021-03-03,HT01,High School (16 years),unknown,No,unknown,Yes,Yes,Facebook,Improving my data analysis skills,90668799-ce95-11eb-b4ec-7c67a234f601,Tabarre,HT0118,West,
139,male,27/11/1998,HT0118,2021-03-06,HT01,Bachelors (bacc +4),Centre de Techniques de Planification et d'Economie Appliquée (CTPEA),No,unknown,Yes,Yes,Ayiti Analytics Website,Improving my data analysis skills,9066879a-ce95-11eb-bafa-7c67a234f601,Tabarre,HT0118,West,
140,male,17/09/1988,HT0118,2021-03-07,HT01,Bachelors (bacc +4),unknown,No,unknown,Yes,No,LinkedIn,Improving my data analysis skills,9066879b-ce95-11eb-9d4a-7c67a234f601,Tabarre,HT0118,West,
141,male,23/11/1997,HT0118,2021-03-09,HT01,Bachelors (bacc +4),Centre de Techniques de Planification et d'Economie Appliquée (CTPEA),No,unknown,Yes,Yes,WhatsApp,Improving my data analysis skills,9066abb5-ce95-11eb-aa16-7c67a234f601,Tabarre,HT0118,West,
142,male,20/10/1996,HT0113,2021-02-16,HT01,Bachelors (bacc +4),Centre de Techniques de Planification et d'Economie Appliquée (CTPEA),No,unknown,Yes,No,Friend,Improving my data analysis skills,9066abb6-ce95-11eb-b526-7c67a234f601,Carrefour,HT0113,West,
143,male,25/11/1991,HT0113,2021-02-16,HT01,Bachelors (bacc +4),unknown,Yes,No,Yes,Yes,Friend,Improving my data analysis skills,9066abb7-ce95-11eb-846d-7c67a234f601,Carrefour,HT0113,West,
144,male,27/11/1991,HT0113,2021-02-16,HT01,Bachelors (bacc +4),Centre de Techniques de Planification et d'Economie Appliquée (CTPEA),No,unknown,Yes,Yes,WhatsApp,Improving my data analysis skills,9066abb8-ce95-11eb-b61d-7c67a234f601,Carrefour,HT0113,West,
145,male,26/02/1996,HT0113,2021-02-16,HT01,Bachelors (bacc +4),Centre de Techniques de Planification et d'Economie Appliquée (CTPEA),Yes,Yes,No,Yes,Facebook,Improving my data analysis skills,9066abb9-ce95-11eb-af6a-7c67a234f601,Carrefour,HT0113,West,
146,female,28/02/1991,HT0113,2021-02-16,HT01,Bachelors (bacc +4),other,No,unknown,Yes,Yes,Bootcamp Alumni,Finding a job/internship,9066d2aa-ce95-11eb-b221-7c67a234f601,Carrefour,HT0113,West,
147,male,13/10/1997,HT0113,2021-02-17,HT01,Bachelors (bacc +4),other,No,unknown,Yes,No,Ayiti Analytics Website,Training to start my own company,9066d2ab-ce95-11eb-be67-7c67a234f601,Carrefour,HT0113,West,Moncash
148,male,23/09/1990,HT0113,2021-02-17,HT01,Bachelors (bacc +4),Université INUKA,No,unknown,Yes,Yes,Facebook,Finding a job/internship,9066d2ac-ce95-11eb-8752-7c67a234f601,Carrefour,HT0113,West,
149,male,07/08/1995,HT0113,2021-02-17,HT01,Bachelors (bacc +4),other,No,unknown,Yes,Yes,WhatsApp,Training to start my own company,9066d2ad-ce95-11eb-82c7-7c67a234f601,Carrefour,HT0113,West,
150,female,28/01/2000,HT0113,2021-02-17,HT01,High School (16 years),unknown,No,unknown,Yes,Yes,WhatsApp,Improving my data analysis skills,9066faad-ce95-11eb-a4b7-7c67a234f601,Carrefour,HT0113,West,
151,female,02/05/1995,HT0113,2021-02-17,HT01,Bachelors (bacc +4),Centre de Techniques de Planification et d'Economie Appliquée (CTPEA),No,unknown,Yes,Yes,Bootcamp Alumni,Improving my data analysis skills,9066faae-ce95-11eb-9b99-7c67a234f601,Carrefour,HT0113,West,
152,male,04/03/2000,HT0113,2021-02-17,HT01,Other,unknown,No,unknown,No,No,Facebook,Improving my data analysis skills,9066faaf-ce95-11eb-beb4-7c67a234f601,Carrefour,HT0113,West,Moncash
153,male,20/04/1996,HT0113,2021-02-17,HT01,Bachelors (bacc +4),Université d'Etat d'Haïti (UEH),No,unknown,Yes,Yes,Friend,Improving my data analysis skills,9066fab0-ce95-11eb-ba75-7c67a234f601,Carrefour,HT0113,West,
154,female,,HT0113,2021-02-18,HT01,Bachelors (bacc +4),Université d'Etat d'Haïti (UEH),No,unknown,Yes,Yes,Facebook,Finding a job/internship,9066fab1-ce95-11eb-a4e2-7c67a234f601,Carrefour,HT0113,West,
155,female,30/06/1992,HT0113,2021-02-18,HT01,Bachelors (bacc +4),Université d'Etat d'Haïti (UEH),No,unknown,Yes,Yes,Friend,Improving my data analysis skills,90672094-ce95-11eb-9bfe-7c67a234f601,Carrefour,HT0113,West,
156,male,19/09/1995,HT0113,2021-02-19,HT01,Bachelors (bacc +4),other,No,unknown,Yes,No,Friend,Training to start my own company,90672095-ce95-11eb-a84d-7c67a234f601,Carrefour,HT0113,West,
157,male,19/02/2000,HT0113,2021-02-22,HT01,Other,unknown,No,unknown,Yes,Yes,WhatsApp,Improving my data analysis skills,90672096-ce95-11eb-9663-7c67a234f601,Carrefour,HT0113,West,
158,male,12/12/1988,HT0113,2021-02-22,HT01,Bachelors (bacc +4),Centre de Techniques de Planification et d'Economie Appliquée (CTPEA),Yes,Yes,Yes,No,Bootcamp Alumni,Improving my data analysis skills,90672097-ce95-11eb-b73b-7c67a234f601,Carrefour,HT0113,West,Moncash
159,male,27/12/1993,HT0113,2021-02-24,HT01,Masters,Université d'Etat d'Haïti (UEH),No,unknown,Yes,Yes,Bootcamp Alumni,Improving my data analysis skills,90674789-ce95-11eb-ac21-7c67a234f601,Carrefour,HT0113,West,Moncash
160,male,13/09/1990,HT0113,2021-02-25,HT01,Bachelors (bacc +4),other,Yes,Yes,Yes,Yes,Facebook,Switching careers,9067478a-ce95-11eb-bc48-7c67a234f601,Carrefour,HT0113,West,
161,female,15/02/1995,HT0113,2021-02-26,HT01,Bachelors (bacc +4),Ecole Supérieure d'Infotronique d'Haïti (ESIH),No,unknown,Yes,Yes,Ayiti Analytics Website,Training to start my own company,9067478b-ce95-11eb-aba9-7c67a234f601,Carrefour,HT0113,West,
162,male,14/01/1997,HT0113,2021-03-02,HT01,Bachelors (bacc +4),Université d'Etat d'Haïti (UEH),No,unknown,Yes,Yes,Friend,Improving my data analysis skills,9067478c-ce95-11eb-94f6-7c67a234f601,Carrefour,HT0113,West,
163,male,22/10/1998,HT0113,2021-03-03,HT01,High School (16 years),unknown,No,unknown,Yes,Yes,other,other,90676757-ce95-11eb-85fc-7c67a234f601,Carrefour,HT0113,West,
164,male,10/10/2000,HT0113,2021-03-03,HT01,High School (16 years),unknown,No,unknown,Yes,Yes,Friend,Improving my data analysis skills,90677020-ce95-11eb-a2f6-7c67a234f601,Carrefour,HT0113,West,
165,male,25/09/1997,HT0114,2021-02-16,HT01,Bachelors (bacc +4),Ecole Supérieure d'Infotronique d'Haïti (ESIH),No,unknown,Yes,Yes,ESIH,Improving my data analysis skills,90677021-ce95-11eb-a3f5-7c67a234f601,Petion-Ville,HT0114,West,
166,male,26/06/1972,HT0114,2021-02-16,HT01,Masters,other,No,unknown,Yes,Yes,WhatsApp,Improving my data analysis skills,90677022-ce95-11eb-911c-7c67a234f601,Petion-Ville,HT0114,West,
167,male,21/10/1982,HT0114,2021-02-16,HT01,High School (16 years),unknown,Yes,Yes,Yes,Yes,Friend,Improving my data analysis skills,90677023-ce95-11eb-8bd4-7c67a234f601,Petion-Ville,HT0114,West,
168,male,16/10/1995,HT0114,2021-02-16,HT01,Bachelors (bacc +4),unknown,Yes,Yes,Yes,Yes,Friend,Improving my data analysis skills,9067957a-ce95-11eb-aff1-7c67a234f601,Petion-Ville,HT0114,West,
169,male,09/06/1997,HT0114,2021-02-16,HT01,Other,unknown,No,unknown,No,Yes,Ayiti Analytics Website,Improving my data analysis skills,9067957b-ce95-11eb-a3f9-7c67a234f601,Petion-Ville,HT0114,West,Moncash
170,male,22/04/1987,HT0114,2021-02-17,HT01,Bachelors (bacc +4),Quisqueya University,unknown,unknown,Yes,Yes,Instagram,Switching careers,9067957c-ce95-11eb-9346-7c67a234f601,Petion-Ville,HT0114,West,
171,male,09/04/1992,HT0114,2021-02-17,HT01,Bachelors (bacc +4),Université d'Etat d'Haïti (UEH),Yes,Yes,No,Yes,Friend,Switching careers,9067957d-ce95-11eb-82b5-7c67a234f601,Petion-Ville,HT0114,West,
172,male,01/10/1990,HT0114,2021-02-17,HT01,Other,unknown,No,unknown,Yes,Yes,WhatsApp,Mentorship,9067bc86-ce95-11eb-b97f-7c67a234f601,Petion-Ville,HT0114,West,
173,male,11/05/1994,HT0114,2021-02-17,HT01,Bachelors (bacc +4),Ecole Supérieure d'Infotronique d'Haïti (ESIH),No,unknown,Yes,Yes,ESIH,Improving my data analysis skills,9067bc87-ce95-11eb-977f-7c67a234f601,Petion-Ville,HT0114,West,
174,male,18/12/1994,HT0114,2021-02-18,HT01,Bachelors (bacc +4),Université d'Etat d'Haïti (UEH),No,unknown,Yes,Yes,WhatsApp,Improving my data analysis skills,9067ce03-ce95-11eb-8fa0-7c67a234f601,Petion-Ville,HT0114,West,
175,male,28/05/1995,HT0114,2021-02-19,HT01,Other,unknown,Yes,Yes,Yes,Yes,WhatsApp,Improving my data analysis skills,9067e4bf-ce95-11eb-afb1-7c67a234f601,Petion-Ville,HT0114,West,
176,male,18/02/2021,HT0114,2021-02-19,HT01,Bachelors (bacc +4),other,No,unknown,Yes,No,WhatsApp,Training to start my own company,9067e4c0-ce95-11eb-bebe-7c67a234f601,Petion-Ville,HT0114,West,
177,male,21/10/1982,HT0114,2021-02-19,HT01,Bachelors (bacc +4),other,No,unknown,Yes,Yes,other,Improving my data analysis skills,9067e4c1-ce95-11eb-b85a-7c67a234f601,Petion-Ville,HT0114,West,
178,male,25/12/1992,HT0114,2021-02-19,HT01,High School (16 years),unknown,No,unknown,Yes,Yes,WhatsApp,Improving my data analysis skills,90680a68-ce95-11eb-9881-7c67a234f601,Petion-Ville,HT0114,West,
179,male,02/09/1997,HT0114,2021-02-20,HT01,High School (16 years),unknown,Yes,Yes,No,Yes,WhatsApp,Training to start my own company,90680a69-ce95-11eb-ac13-7c67a234f601,Petion-Ville,HT0114,West,
180,male,11/09/1995,HT0114,2021-02-21,HT01,Bachelors (bacc +4),Centre de Techniques de Planification et d'Economie Appliquée (CTPEA),No,unknown,Yes,Yes,Friend,Improving my data analysis skills,90680a6a-ce95-11eb-bf44-7c67a234f601,Petion-Ville,HT0114,West,Moncash
181,male,25/07/1993,HT0114,2021-02-21,HT01,Bachelors (bacc +4),other,No,unknown,Yes,Yes,Ayiti Analytics Website,Improving my data analysis skills,90680a6b-ce95-11eb-ad05-7c67a234f601,Petion-Ville,HT0114,West,
182,female,14/11/1997,HT0114,2021-02-21,HT01,Bachelors (bacc +4),Université d'Etat d'Haïti (UEH),No,unknown,Yes,Yes,Facebook,Mentorship,906836e2-ce95-11eb-b267-7c67a234f601,Petion-Ville,HT0114,West,
183,male,05/12/1996,HT0114,2021-02-21,HT01,Bachelors (bacc +4),Centre de Techniques de Planification et d'Economie Appliquée (CTPEA),No,unknown,Yes,Yes,Facebook,Training to start my own company,90685b18-ce95-11eb-99e6-7c67a234f601,Petion-Ville,HT0114,West,Moncash
184,male,24/04/1995,HT0114,2021-02-21,HT01,Bachelors (bacc +4),Ecole Supérieure d'Infotronique d'Haïti (ESIH),No,unknown,Yes,Yes,Friend,Training to start my own company,90687faf-ce95-11eb-ba86-7c67a234f601,Petion-Ville,HT0114,West,Moncash
185,male,30/09/1994,HT0114,2021-02-22,HT01,Bachelors (bacc +4),Université d'Etat d'Haïti (UEH),No,unknown,Yes,Yes,WhatsApp,Switching careers,90687fb0-ce95-11eb-a8e5-7c67a234f601,Petion-Ville,HT0114,West,
186,female,10/01/1983,HT0114,2021-02-25,HT01,Other,unknown,No,unknown,Yes,Yes,Ayiti Analytics Website,Improving my data analysis skills,9068a856-ce95-11eb-bbd6-7c67a234f601,Petion-Ville,HT0114,West,
187,female,25/07/1993,HT0114,2021-02-26,HT01,Other,unknown,No,unknown,Yes,No,Friend,Finding a job/internship,9068cd1e-ce95-11eb-a722-7c67a234f601,Petion-Ville,HT0114,West,
188,male,15/08/1994,HT0114,2021-02-26,HT01,Bachelors (bacc +4),other,No,unknown,No,Yes,Facebook,Finding a job/internship,9068cd1f-ce95-11eb-b712-7c67a234f601,Petion-Ville,HT0114,West,
189,male,11/10/1997,HT0114,2021-02-28,HT01,Bachelors (bacc +4),Centre de Techniques de Planification et d'Economie Appliquée (CTPEA),No,unknown,Yes,Yes,Friend,Improving my data analysis skills,9068f405-ce95-11eb-b487-7c67a234f601,Petion-Ville,HT0114,West,Moncash
190,male,03/01/1991,HT0114,2021-03-02,HT01,Bachelors (bacc +4),Ecole Supérieure d'Infotronique d'Haïti (ESIH),Yes,Yes,Yes,Yes,Facebook,Finding a job/internship,9068f406-ce95-11eb-8144-7c67a234f601,Petion-Ville,HT0114,West,
191,male,20/06/1995,HT0114,2021-03-06,HT01,Bachelors (bacc +4),other,No,unknown,Yes,Yes,Facebook,Improving my data analysis skills,9068f407-ce95-11eb-a25c-7c67a234f601,Petion-Ville,HT0114,West,
192,female,10/10/1975,HT0114,2021-03-10,HT01,Bachelors (bacc +4),unknown,No,unknown,Yes,unknown,Friend,Improving my data analysis skills,9068f408-ce95-11eb-9caf-7c67a234f601,Petion-Ville,HT0114,West,
193,male,12/12/1990,HT0114,2021-03-11,HT01,Bachelors (bacc +4),Université d'Etat d'Haïti (UEH),No,unknown,Yes,No,WhatsApp,Improving my data analysis skills,9068f409-ce95-11eb-971f-7c67a234f601,Petion-Ville,HT0114,West,
194,male,,HT0131,2021-02-16,HT01,Bachelors (bacc +4),Université INUKA,No,unknown,Yes,Yes,WhatsApp,Training to start my own company,90691afb-ce95-11eb-a4c3-7c67a234f601,Croix-Des-Bouquets,HT0131,West,Moncash
195,male,16/05/1997,HT0131,2021-02-16,HT01,High School (16 years),unknown,No,unknown,Yes,Yes,Instagram,Finding a job/internship,90691afc-ce95-11eb-98d0-7c67a234f601,Croix-Des-Bouquets,HT0131,West,
196,male,20/01/1993,HT0131,2021-02-16,HT01,Bachelors (bacc +4),other,No,unknown,Yes,Yes,Friend,Switching careers,90691afd-ce95-11eb-b77d-7c67a234f601,Croix-Des-Bouquets,HT0131,West,
197,male,20/08/2000,HT0131,2021-02-17,HT01,High School (16 years),unknown,No,unknown,Yes,Yes,ESIH,Training to start my own company,90691afe-ce95-11eb-bc64-7c67a234f601,Croix-Des-Bouquets,HT0131,West,
198,male,24/10/1992,HT0131,2021-02-19,HT01,Bachelors (bacc +4),other,No,unknown,Yes,Yes,Friend,Training to start my own company,90694207-ce95-11eb-b358-7c67a234f601,Croix-Des-Bouquets,HT0131,West,
199,male,01/12/1988,HT0131,2021-02-20,HT01,Other,unknown,No,unknown,Yes,No,Facebook,Improving my data analysis skills,90694e10-ce95-11eb-b312-7c67a234f601,Croix-Des-Bouquets,HT0131,West,
200,male,23/04/1993,HT0131,2021-02-24,HT01,Bachelors (bacc +4),Université d'Etat d'Haïti (UEH),No,unknown,Yes,Yes,Ayiti Analytics Website,Improving my data analysis skills,90694e11-ce95-11eb-838b-7c67a234f601,Croix-Des-Bouquets,HT0131,West,
201,male,27/06/1997,HT0131,2021-02-25,HT01,High School (16 years),unknown,No,unknown,Yes,No,Friend,Finding a job/internship,90694e12-ce95-11eb-812d-7c67a234f601,Croix-Des-Bouquets,HT0131,West,
202,male,19/11/1990,HT0131,2021-03-10,HT01,Other,unknown,No,unknown,Yes,Yes,Facebook,Finding a job/internship,90694e13-ce95-11eb-bb46-7c67a234f601,Croix-Des-Bouquets,HT0131,West,Moncash
203,male,18/05/1997,HT0131,2021-03-12,HT01,Masters,Université d'Etat d'Haïti (UEH),Yes,Yes,Yes,Yes,Friend,Improving my data analysis skills,906968f5-ce95-11eb-9e1a-7c67a234f601,Croix-Des-Bouquets,HT0131,West,Credit Card/Paypal
204,male,27/02/1993,HT0434,2021-02-16,HT04,Bachelors (bacc +4),Université d'Etat d'Haïti (UEH),No,unknown,Yes,Yes,WhatsApp,Improving my data analysis skills,9069789d-ce95-11eb-990c-7c67a234f601,Caracol,HT0434,North-East,
205,male,12/05/1995,HT0731,2021-02-16,HT07,Bachelors (bacc +4),Ecole Supérieure d'Infotronique d'Haïti (ESIH),No,unknown,Yes,Yes,Friend,Training to start my own company,9069789e-ce95-11eb-883e-7c67a234f601,Aquin,HT0731,South,
206,male,05/11/1996,HT0211,2021-02-16,HT02,High School (16 years),unknown,No,unknown,Yes,Yes,Friend,Training to start my own company,9069789f-ce95-11eb-9788-7c67a234f601,Jacmel,HT0211,South-East,Credit Card/Paypal
207,male,30/03/1999,HT0211,2021-02-19,HT02,Bachelors (bacc +4),other,No,unknown,Yes,Yes,Friend,Finding a job/internship,90698fe9-ce95-11eb-a607-7c67a234f601,Jacmel,HT0211,South-East,
208,male,10/08/1997,HT0211,2021-02-19,HT02,Bachelors (bacc +4),other,No,unknown,Yes,Yes,other,Training to start my own company,90698fea-ce95-11eb-ae89-7c67a234f601,Jacmel,HT0211,South-East,
209,female,22/01/2020,HT0711,2021-02-16,HT07,Other,unknown,No,unknown,No,No,WhatsApp,Improving my data analysis skills,9069a205-ce95-11eb-be5a-7c67a234f601,Les Cayes,HT0711,South,
210,female,05/08/2021,HT0117,2021-02-17,HT01,Other,unknown,No,unknown,Yes,Yes,ESIH,Improving my data analysis skills,9069a206-ce95-11eb-9c6f-7c67a234f601,Cite Soleil,HT0117,West,
211,male,20/10/1992,HT0117,2021-02-18,HT01,Other,unknown,No,unknown,Yes,Yes,WhatsApp,Improving my data analysis skills,9069a207-ce95-11eb-9148-7c67a234f601,Cite Soleil,HT0117,West,
212,male,14/06/2000,HT0117,2021-03-01,HT01,Bachelors (bacc +4),Université INUKA,Yes,No,Yes,Yes,WhatsApp,Mentorship,9069b6e0-ce95-11eb-9f22-7c67a234f601,Cite Soleil,HT0117,West,
213,male,13/12/1994,HT0122,2021-02-17,HT01,High School (16 years),unknown,No,unknown,Yes,Yes,WhatsApp,Switching careers,9069b6e1-ce95-11eb-8356-7c67a234f601,Petit-Goave,HT0122,West,
214,male,03/03/1992,HT0322,2021-02-17,HT03,Bachelors (bacc +4),unknown,No,unknown,No,No,Facebook,Improving my data analysis skills,9069cfab-ce95-11eb-97af-7c67a234f601,Plaine du Nord,HT0322,North,
215,male,18/07/1999,HT0121,2021-02-18,HT01,High School (16 years),unknown,No,unknown,Yes,No,Facebook,Training to start my own company,9069cfac-ce95-11eb-9487-7c67a234f601,Leogane,HT0121,West,
216,male,31/10/1983,HT0121,2021-03-10,HT01,Bachelors (bacc +4),Université d'Etat d'Haïti (UEH),Yes,No,Yes,Yes,LinkedIn,Improving my data analysis skills,9069ddd5-ce95-11eb-b041-7c67a234f601,Leogane,HT0121,West,
217,male,18/11/1998,HT0542,2021-02-18,HT05,Other,unknown,No,unknown,Yes,Yes,WhatsApp,Training to start my own company,9069ddd6-ce95-11eb-988c-7c67a234f601,Petite Riviere de l'Artibonite,HT0542,Artibonite,
218,male,11/02/1991,HT0721,2021-02-19,HT07,Other,unknown,No,unknown,No,No,Friend,Improving my data analysis skills,9069ddd7-ce95-11eb-859c-7c67a234f601,Port-Salut,HT0721,South,
219,male,25/07/2021,HT0432,2021-02-19,HT04,Bachelors (bacc +4),other,No,unknown,Yes,Yes,Facebook,Finding a job/internship,9069ddd8-ce95-11eb-b0fb-7c67a234f601,Sainte Suzanne,HT0432,North-East,
220,male,13/01/1981,HT0134,2021-02-19,HT01,Bachelors (bacc +4),Université INUKA,No,unknown,Yes,Yes,Ayiti Analytics Website,Finding a job/internship,906a04c8-ce95-11eb-b468-7c67a234f601,Cornillon / Grand Bois,HT0134,West,Moncash
221,male,,HT0443,2021-02-19,HT04,High School (16 years),unknown,unknown,unknown,Yes,Yes,LinkedIn,Improving my data analysis skills,906a04c9-ce95-11eb-8f6a-7c67a234f601,Mombin Crochu,HT0443,North-East,
222,male,07/06/1976,HT0116,2021-02-19,HT01,Bachelors (bacc +4),other,Yes,Yes,Yes,No,WhatsApp,Mentorship,906a04ca-ce95-11eb-9b48-7c67a234f601,Gressier,HT0116,West,
223,male,25/03/1986,HT0531,2021-02-19,HT05,Bachelors (bacc +4),other,Yes,Yes,Yes,Yes,other,Finding a job/internship,906a04cb-ce95-11eb-9bc2-7c67a234f601,Saint-Marc,HT0531,Artibonite,
224,male,10/09/1999,HT0531,2021-02-24,HT05,High School (16 years),unknown,Yes,Yes,Yes,Yes,Facebook,Improving my data analysis skills,906a04cc-ce95-11eb-b561-7c67a234f601,Saint-Marc,HT0531,Artibonite,
225,male,22/12/1988,HT0531,2021-03-04,HT05,Bachelors (bacc +4),other,No,unknown,Yes,Yes,Facebook,Improving my data analysis skills,906a2d3f-ce95-11eb-a1ba-7c67a234f601,Saint-Marc,HT0531,Artibonite,
226,male,22/12/1988,HT0531,2021-03-07,HT05,Bachelors (bacc +4),other,Yes,Yes,Yes,Yes,WhatsApp,Improving my data analysis skills,906a2d40-ce95-11eb-bee9-7c67a234f601,Saint-Marc,HT0531,Artibonite,
227,female,14/08/1992,HT0133,2021-02-20,HT01,Bachelors (bacc +4),Université d'Etat d'Haïti (UEH),No,unknown,Yes,No,WhatsApp,Improving my data analysis skills,906a2d41-ce95-11eb-b7f9-7c67a234f601,Ganthier,HT0133,West,
228,male,21/06/1982,HT0123,2021-02-20,HT01,Bachelors (bacc +4),Université d'Etat d'Haïti (UEH),Yes,Yes,Yes,Yes,WhatsApp,Switching careers,906a2d42-ce95-11eb-a3de-7c67a234f601,Grand-Goave,HT0123,West,
229,male,18/07/2021,HT0421,2021-02-20,HT04,Bachelors (bacc +4),Université d'Etat d'Haïti (UEH),Yes,Yes,Yes,Yes,Facebook,Improving my data analysis skills,906a52b4-ce95-11eb-b9bd-7c67a234f601,Ouanaminthe,HT0421,North-East,
230,male,06/01/1991,HT0421,2021-02-20,HT04,Bachelors (bacc +4),other,No,unknown,Yes,Yes,WhatsApp,Finding a job/internship,906a52b5-ce95-11eb-9ece-7c67a234f601,Ouanaminthe,HT0421,North-East,
231,male,09/02/1997,HT0421,2021-02-21,HT04,Other,unknown,No,unknown,Yes,No,WhatsApp,Improving my data analysis skills,906a52b6-ce95-11eb-935f-7c67a234f601,Ouanaminthe,HT0421,North-East,
232,male,12/04/1980,HT0532,2021-02-21,HT05,Other,unknown,Yes,Yes,Yes,Yes,WhatsApp,Improving my data analysis skills,906a52b7-ce95-11eb-9c4b-7c67a234f601,Verrettes,HT0532,Artibonite,Credit Card/Paypal
233,male,22/01/1984,HT0532,2021-02-22,HT05,Other,unknown,Yes,Yes,Yes,Yes,WhatsApp,Improving my data analysis skills,906a79ab-ce95-11eb-a1b8-7c67a234f601,Verrettes,HT0532,Artibonite,Moncash
234,male,28/03/1985,HT0532,2021-03-04,HT05,Bachelors (bacc +4),other,Yes,Yes,Yes,Yes,Friend,Improving my data analysis skills,906a79ac-ce95-11eb-9f8a-7c67a234f601,Verrettes,HT0532,Artibonite,Moncash
235,male,24/02/1997,HT0342,2021-02-21,HT03,Other,unknown,Yes,No,Yes,No,Facebook,Finding a job/internship,906a79ad-ce95-11eb-b186-7c67a234f601,Dondon,HT0342,North,
236,male,16/09/1995,HT0311,2021-02-21,HT03,Bachelors (bacc +4),Université d'Etat d'Haïti (UEH),Yes,No,Yes,Yes,Facebook,Finding a job/internship,906a79ae-ce95-11eb-98c3-7c67a234f601,Cap-Haitien,HT0311,North,
237,male,19/04/1987,HT0311,2021-02-21,HT03,Bachelors (bacc +4),Université d'Etat d'Haïti (UEH),No,unknown,Yes,No,Friend,Improving my data analysis skills,906a79af-ce95-11eb-bd36-7c67a234f601,Cap-Haitien,HT0311,North,
238,male,09/08/1991,HT0311,2021-03-03,HT03,Other,unknown,No,unknown,Yes,No,Facebook,Mentorship,906aa0a0-ce95-11eb-8355-7c67a234f601,Cap-Haitien,HT0311,North,
239,male,22/02/1987,HT0311,2021-03-05,HT03,Bachelors (bacc +4),Université d'Etat d'Haïti (UEH),No,unknown,Yes,Yes,Facebook,Improving my data analysis skills,906aa0a1-ce95-11eb-899e-7c67a234f601,Cap-Haitien,HT0311,North,
240,male,16/07/1995,HT0311,2021-03-12,HT03,Bachelors (bacc +4),Quisqueya University,No,unknown,Yes,Yes,Facebook,Training to start my own company,906aa0a2-ce95-11eb-90cb-7c67a234f601,Cap-Haitien,HT0311,North,
241,male,17/04/1992,HT0611,2021-02-21,HT06,Bachelors (bacc +4),Université d'Etat d'Haïti (UEH),No,unknown,Yes,Yes,WhatsApp,Switching careers,906aa0a3-ce95-11eb-9611-7c67a234f601,Hinche,HT0611,Centre,
242,male,30/03/1983,HT0115,2021-02-23,HT01,Bachelors (bacc +4),other,Yes,Yes,Yes,Yes,Friend,Training to start my own company,906ac788-ce95-11eb-a6f7-7c67a234f601,Kenscoff,HT0115,West,
243,male,14/12/1993,HT0313,2021-02-25,HT03,Bachelors (bacc +4),Université d'Etat d'Haïti (UEH),No,unknown,Yes,Yes,WhatsApp,Switching careers,906b1739-ce95-11eb-8944-7c67a234f601,Limonade,HT0313,North,
244,male,25/07/1997,HT0921,2021-02-27,HT09,Bachelors (bacc +4),Ecole Supérieure d'Infotronique d'Haïti (ESIH),No,unknown,Yes,Yes,WhatsApp,Improving my data analysis skills,906b173a-ce95-11eb-b3d4-7c67a234f601,Saint-Louis du Nord,HT0921,North-West,
245,male,15/02/1994,HT0621,2021-03-02,HT06,Bachelors (bacc +4),other,Yes,Yes,Yes,Yes,Facebook,Improving my data analysis skills,906b3c84-ce95-11eb-8c2a-7c67a234f601,Mirebalais,HT0621,Centre,Moncash
246,male,08/10/1990,HT0621,2021-03-10,HT06,Bachelors (bacc +4),Université d'Etat d'Haïti (UEH),Yes,Yes,Yes,Yes,Friend,Improving my data analysis skills,906b3c85-ce95-11eb-9b87-7c67a234f601,Mirebalais,HT0621,Centre,
247,male,28/12/1993,HT0621,2021-03-14,HT06,Bachelors (bacc +4),Centre de Techniques de Planification et d'Economie Appliquée (CTPEA),Yes,Yes,Yes,Yes,Friend,Improving my data analysis skills,906b3c86-ce95-11eb-b6a7-7c67a234f601,Mirebalais,HT0621,Centre,Credit Card/Paypal
248,male,17/04/1992,HT0412,2021-03-08,HT04,Bachelors (bacc +4),other,No,unknown,Yes,Yes,Facebook,Improving my data analysis skills,906b65e2-ce95-11eb-8b5c-7c67a234f601,Ferrier,HT0412,North-East,Moncash
249,male,22/07/1993,HT1012,2021-03-10,HT10,Masters,other,No,unknown,Yes,Yes,Facebook,Improving my data analysis skills,906b65e3-ce95-11eb-a294-7c67a234f601,Petite Riviere de Nippes,HT1012,Nippes,Moncash
