Unnamed: 0_x,gender,dob,commune,created_at,modified_at,department,education_level,university,study_domain,current_employed,formal_sector_job,have_computer_home,internet_at_home,hear_AA_1,after_AA,quest_id,Commune_en,Commune_FR,Commune_Id,Departement,ADM1_PCODE,Unnamed: 0_y,key,values
1,female,29/09/1996,HT0111,2021-02-16,2021-02-16T16:01:10.861899Z,HT01,Bachelors (bacc +4),other,['other'],No,unknown,Yes,Yes,Friend,Finding a job/internship,905ddcf2-ce95-11eb-9a92-7c67a234f601,Port-au-Prince,Port-au-Prince,HT0111,West,HT01,0,other,other
3,male,24/11/1996,HT0111,2021-02-16,2021-02-16T16:57:55.754582Z,HT01,Bachelors (bacc +4),Ecole Supérieure d'Infotronique d'Haïti (ESIH),"['item1', 'item6']",No,unknown,Yes,Yes,ESIH,Improving my data analysis skills,905e4cf5-ce95-11eb-96a9-7c67a234f601,Port-au-Prince,Port-au-Prince,HT0111,West,HT01,1,item1,Computer Science
3,male,24/11/1996,HT0111,2021-02-16,2021-02-16T16:57:55.754582Z,HT01,Bachelors (bacc +4),Ecole Supérieure d'Infotronique d'Haïti (ESIH),"['item1', 'item6']",No,unknown,Yes,Yes,ESIH,Improving my data analysis skills,905e4cf5-ce95-11eb-96a9-7c67a234f601,Port-au-Prince,Port-au-Prince,HT0111,West,HT01,2,item6,Management
4,male,20/07/1997,HT0111,2021-02-16,2021-02-16T17:05:40.907982Z,HT01,High School (16 years),unknown,['other'],No,unknown,Yes,Yes,WhatsApp,Mentorship,905e73fd-ce95-11eb-a7b0-7c67a234f601,Port-au-Prince,Port-au-Prince,HT0111,West,HT01,3,other,other
5,male,03/12/1996,HT0111,2021-02-16,2021-02-16T18:35:14.430873Z,HT01,Other,unknown,['other'],No,unknown,Yes,Yes,ESIH,Improving my data analysis skills,905e9b27-ce95-11eb-9c37-7c67a234f601,Port-au-Prince,Port-au-Prince,HT0111,West,HT01,4,other,other
6,female,30/04/1988,HT0111,2021-02-16,2021-02-16T20:06:17.885862Z,HT01,Masters,Ecole Supérieure d'Infotronique d'Haïti (ESIH),['item1'],Yes,Yes,Yes,Yes,WhatsApp,Improving my data analysis skills,905ec1ec-ce95-11eb-8136-7c67a234f601,Port-au-Prince,Port-au-Prince,HT0111,West,HT01,5,item1,Computer Science
7,female,10/09/1996,HT0111,2021-02-16,2021-02-16T22:54:19.490841Z,HT01,Bachelors (bacc +4),Ecole Supérieure d'Infotronique d'Haïti (ESIH),['item1'],No,unknown,Yes,Yes,WhatsApp,Improving my data analysis skills,905ec1ed-ce95-11eb-829c-7c67a234f601,Port-au-Prince,Port-au-Prince,HT0111,West,HT01,6,item1,Computer Science
8,female,03/02/1991,HT0111,2021-02-17,2021-02-17T01:10:41.212319Z,HT01,Bachelors (bacc +4),other,['item1'],No,unknown,Yes,Yes,ESIH,Mentorship,905ef688-ce95-11eb-9b57-7c67a234f601,Port-au-Prince,Port-au-Prince,HT0111,West,HT01,7,item1,Computer Science
9,female,10/07/1997,HT0111,2021-02-17,2021-02-17T01:24:40.360116Z,HT01,High School (16 years),unknown,['item7'],No,unknown,Yes,Yes,WhatsApp,Training to start my own company,905f0fbd-ce95-11eb-b153-7c67a234f601,Port-au-Prince,Port-au-Prince,HT0111,West,HT01,8,item7,Law
10,female,20/11/1994,HT0111,2021-02-17,2021-02-17T01:45:30.152645Z,HT01,Other,unknown,['other'],No,unknown,Yes,Yes,Bootcamp Alumni,Training to start my own company,905f0fbe-ce95-11eb-8396-7c67a234f601,Port-au-Prince,Port-au-Prince,HT0111,West,HT01,9,other,other
11,female,30/12/1994,HT0111,2021-02-17,2021-02-17T04:35:17.193835Z,HT01,Other,unknown,['item1'],Yes,Yes,Yes,Yes,Facebook,Finding a job/internship,905f36c8-ce95-11eb-bef0-7c67a234f601,Port-au-Prince,Port-au-Prince,HT0111,West,HT01,10,item1,Computer Science
12,male,09/05/1992,HT0111,2021-02-17,2021-02-17T08:35:45.761679Z,HT01,Bachelors (bacc +4),Université d'Etat d'Haïti (UEH),['item6'],No,unknown,Yes,Yes,Friend,Training to start my own company,905f36c9-ce95-11eb-aa33-7c67a234f601,Port-au-Prince,Port-au-Prince,HT0111,West,HT01,11,item6,Management
13,female,3 aout 1977,HT0111,2021-02-17,2021-02-17T12:13:45.466785Z,HT01,unknown,unknown,"['item6', 'other']",Yes,Yes,Yes,Yes,Facebook,Mentorship,905f36ca-ce95-11eb-9411-7c67a234f601,Port-au-Prince,Port-au-Prince,HT0111,West,HT01,12,item6,Management
13,female,3 aout 1977,HT0111,2021-02-17,2021-02-17T12:13:45.466785Z,HT01,unknown,unknown,"['item6', 'other']",Yes,Yes,Yes,Yes,Facebook,Mentorship,905f36ca-ce95-11eb-9411-7c67a234f601,Port-au-Prince,Port-au-Prince,HT0111,West,HT01,13,other,other
14,male,26/03/1992,HT0111,2021-02-17,2021-02-17T13:37:28.014070Z,HT01,Bachelors (bacc +4),Ecole Supérieure d'Infotronique d'Haïti (ESIH),['item1'],Yes,Yes,Yes,Yes,Facebook,Improving my data analysis skills,905f5dbf-ce95-11eb-a1fb-7c67a234f601,Port-au-Prince,Port-au-Prince,HT0111,West,HT01,14,item1,Computer Science
15,male,01/11/1994,HT0111,2021-02-17,2021-02-17T14:14:27.915598Z,HT01,Other,unknown,['other'],No,unknown,Yes,Yes,WhatsApp,Switching careers,905f5dc0-ce95-11eb-8056-7c67a234f601,Port-au-Prince,Port-au-Prince,HT0111,West,HT01,15,other,other
16,female,19/01/1999,HT0111,2021-02-17,2021-02-17T15:07:25.936904Z,HT01,Other,unknown,['item3'],No,unknown,Yes,Yes,Facebook,Improving my data analysis skills,905f5dc1-ce95-11eb-bfa7-7c67a234f601,Port-au-Prince,Port-au-Prince,HT0111,West,HT01,16,item3,Economics
17,male,09/10/1987,HT0111,2021-02-17,2021-02-17T15:07:34.576880Z,HT01,Masters,Ecole Supérieure d'Infotronique d'Haïti (ESIH),['item1'],No,unknown,Yes,Yes,ESIH,Finding a job/internship,905f84ab-ce95-11eb-8886-7c67a234f601,Port-au-Prince,Port-au-Prince,HT0111,West,HT01,17,item1,Computer Science
18,female,02/05/1995,HT0111,2021-02-17,2021-02-17T16:23:26.040707Z,HT01,Bachelors (bacc +4),Centre de Techniques de Planification et d'Economie Appliquée (CTPEA),['item3'],No,unknown,Yes,Yes,Bootcamp Alumni,Improving my data analysis skills,905f84ac-ce95-11eb-bf5f-7c67a234f601,Port-au-Prince,Port-au-Prince,HT0111,West,HT01,18,item3,Economics
19,male,05/02/1992,HT0111,2021-02-17,2021-02-17T17:00:15.323464Z,HT01,Bachelors (bacc +4),Université INUKA,['item1'],No,unknown,Yes,Yes,LinkedIn,Improving my data analysis skills,905fab9d-ce95-11eb-a1ed-7c67a234f601,Port-au-Prince,Port-au-Prince,HT0111,West,HT01,19,item1,Computer Science
20,female,21/09/1995,HT0111,2021-02-18,2021-02-18T02:51:22.345396Z,HT01,Bachelors (bacc +4),other,['other'],Yes,Yes,Yes,Yes,Ayiti Analytics Website,Switching careers,905fab9e-ce95-11eb-a53d-7c67a234f601,Port-au-Prince,Port-au-Prince,HT0111,West,HT01,20,other,other
21,male,20/07/1997,HT0111,2021-02-18,2021-02-18T12:31:36.110820Z,HT01,Bachelors (bacc +4),Université d'Etat d'Haïti (UEH),['other'],Yes,Yes,Yes,Yes,WhatsApp,Finding a job/internship,905fd65b-ce95-11eb-b835-7c67a234f601,Port-au-Prince,Port-au-Prince,HT0111,West,HT01,21,other,other
22,male,05/12/1995,HT0111,2021-02-18,2021-02-18T18:25:49.799246Z,HT01,Bachelors (bacc +4),other,['other'],No,unknown,Yes,Yes,WhatsApp,Training to start my own company,905ff97f-ce95-11eb-a994-7c67a234f601,Port-au-Prince,Port-au-Prince,HT0111,West,HT01,22,other,other
23,male,25/12/1993,HT0111,2021-02-19,2021-02-19T04:48:30.390251Z,HT01,Bachelors (bacc +4),other,['other'],Yes,Yes,Yes,Yes,WhatsApp,Improving my data analysis skills,905ff980-ce95-11eb-98b7-7c67a234f601,Port-au-Prince,Port-au-Prince,HT0111,West,HT01,23,other,other
24,female,09/12/1998,HT0111,2021-02-19,2021-02-19T15:05:57.007332Z,HT01,High School (16 years),unknown,['item8'],No,unknown,Yes,Yes,Friend,Training to start my own company,90602078-ce95-11eb-bc1d-7c67a234f601,Port-au-Prince,Port-au-Prince,HT0111,West,HT01,24,item8,Medicine
25,male,28/02/2021,HT0111,2021-02-19,2021-02-19T16:36:01.701862Z,HT01,High School (16 years),unknown,['item1'],Yes,Yes,Yes,Yes,WhatsApp,Mentorship,906036c8-ce95-11eb-8c78-7c67a234f601,Port-au-Prince,Port-au-Prince,HT0111,West,HT01,25,item1,Computer Science
26,male,26/10/1991,HT0111,2021-02-19,2021-02-19T16:36:50.278995Z,HT01,Bachelors (bacc +4),Université INUKA,['item1'],No,unknown,Yes,No,WhatsApp,Finding a job/internship,9060477c-ce95-11eb-ace3-7c67a234f601,Port-au-Prince,Port-au-Prince,HT0111,West,HT01,26,item1,Computer Science
27,male,27/08/1986,HT0111,2021-02-19,2021-02-19T20:44:12.648461Z,HT01,Other,unknown,['item1'],Yes,Yes,Yes,Yes,WhatsApp,Switching careers,9060477d-ce95-11eb-ab2e-7c67a234f601,Port-au-Prince,Port-au-Prince,HT0111,West,HT01,27,item1,Computer Science
28,male,13/02/1977,HT0111,2021-02-21,2021-02-21T22:33:55.442302Z,HT03,Bachelors (bacc +4),other,['item1'],No,unknown,Yes,Yes,Friend,Finding a job/internship,9060617e-ce95-11eb-bd26-7c67a234f601,,,,,,28,item1,Computer Science
29,male,23/08/1986,HT0111,2021-02-21,2021-02-21T22:53:29.419977Z,HT01,Masters,other,"['item6', 'other']",No,unknown,Yes,Yes,Facebook,Improving my data analysis skills,906073cb-ce95-11eb-acb0-7c67a234f601,Port-au-Prince,Port-au-Prince,HT0111,West,HT01,29,item6,Management
29,male,23/08/1986,HT0111,2021-02-21,2021-02-21T22:53:29.419977Z,HT01,Masters,other,"['item6', 'other']",No,unknown,Yes,Yes,Facebook,Improving my data analysis skills,906073cb-ce95-11eb-acb0-7c67a234f601,Port-au-Prince,Port-au-Prince,HT0111,West,HT01,30,other,other
30,male,13/01/1989,HT0111,2021-02-22,2021-02-22T01:50:26.945485Z,HT01,Bachelors (bacc +4),Université INUKA,['item1'],No,unknown,Yes,Yes,Friend,Improving my data analysis skills,906073cc-ce95-11eb-aac4-7c67a234f601,Port-au-Prince,Port-au-Prince,HT0111,West,HT01,31,item1,Computer Science
31,female,14/04/2000,HT0111,2021-02-22,2021-02-22T21:47:38.898251Z,HT01,Other,unknown,['other'],No,unknown,Yes,No,Friend,Finding a job/internship,90609554-ce95-11eb-a24a-7c67a234f601,Port-au-Prince,Port-au-Prince,HT0111,West,HT01,32,other,other
32,female,31/12/1998,HT0111,2021-02-22,2021-02-22T22:01:34.542321Z,HT01,Other,unknown,['item7'],No,unknown,Yes,No,Friend,Finding a job/internship,90609555-ce95-11eb-b61a-7c67a234f601,Port-au-Prince,Port-au-Prince,HT0111,West,HT01,33,item7,Law
33,female,14/05/1995,HT0111,2021-02-23,2021-02-23T15:19:56.513868Z,HT01,Bachelors (bacc +4),other,['other'],Yes,Yes,Yes,Yes,Bootcamp Alumni,Finding a job/internship,9060c2e6-ce95-11eb-b8b8-7c67a234f601,Port-au-Prince,Port-au-Prince,HT0111,West,HT01,34,other,other
34,female,04/10/1996,HT0111,2021-02-23,2021-02-23T17:29:42.775263Z,HT01,Bachelors (bacc +4),Université d'Etat d'Haïti (UEH),['item6'],No,unknown,Yes,Yes,WhatsApp,Switching careers,9060cbb2-ce95-11eb-bac1-7c67a234f601,Port-au-Prince,Port-au-Prince,HT0111,West,HT01,35,item6,Management
35,male,,HT0111,2021-02-23,2021-02-23T21:17:28.855712Z,HT01,Other,unknown,['item8'],No,unknown,Yes,Yes,WhatsApp,Training to start my own company,9060e347-ce95-11eb-abbb-7c67a234f601,Port-au-Prince,Port-au-Prince,HT0111,West,HT01,36,item8,Medicine
36,female,10/01/1997,HT0111,2021-02-23,2021-02-23T23:28:40.631987Z,HT01,Other,unknown,['other'],Yes,Yes,Yes,No,Bootcamp Alumni,Switching careers,90610a3c-ce95-11eb-a50e-7c67a234f601,Port-au-Prince,Port-au-Prince,HT0111,West,HT01,37,other,other
37,female,22/04/1998,HT0111,2021-02-24,2021-02-24T12:10:24.262814Z,HT01,Bachelors (bacc +4),Université d'Etat d'Haïti (UEH),"['item6', 'item7']",No,unknown,Yes,Yes,LinkedIn,Improving my data analysis skills,90611cd3-ce95-11eb-bebc-7c67a234f601,Port-au-Prince,Port-au-Prince,HT0111,West,HT01,38,item6,Management
37,female,22/04/1998,HT0111,2021-02-24,2021-02-24T12:10:24.262814Z,HT01,Bachelors (bacc +4),Université d'Etat d'Haïti (UEH),"['item6', 'item7']",No,unknown,Yes,Yes,LinkedIn,Improving my data analysis skills,90611cd3-ce95-11eb-bebc-7c67a234f601,Port-au-Prince,Port-au-Prince,HT0111,West,HT01,39,item7,Law
38,male,26/06/1989,HT0111,2021-02-24,2021-02-24T13:29:35.128444Z,HT01,Bachelors (bacc +4),unknown,"['item5', 'item6', 'other']",No,unknown,Yes,Yes,Friend,Training to start my own company,90611cd4-ce95-11eb-a328-7c67a234f601,Port-au-Prince,Port-au-Prince,HT0111,West,HT01,40,item5,Accounting
38,male,26/06/1989,HT0111,2021-02-24,2021-02-24T13:29:35.128444Z,HT01,Bachelors (bacc +4),unknown,"['item5', 'item6', 'other']",No,unknown,Yes,Yes,Friend,Training to start my own company,90611cd4-ce95-11eb-a328-7c67a234f601,Port-au-Prince,Port-au-Prince,HT0111,West,HT01,41,item6,Management
38,male,26/06/1989,HT0111,2021-02-24,2021-02-24T13:29:35.128444Z,HT01,Bachelors (bacc +4),unknown,"['item5', 'item6', 'other']",No,unknown,Yes,Yes,Friend,Training to start my own company,90611cd4-ce95-11eb-a328-7c67a234f601,Port-au-Prince,Port-au-Prince,HT0111,West,HT01,42,other,other
39,male,16/10/1996,HT0111,2021-02-24,2021-02-24T21:05:46.442865Z,HT01,Bachelors (bacc +4),other,['item6'],No,unknown,No,No,other,Improving my data analysis skills,9061312a-ce95-11eb-ba28-7c67a234f601,Port-au-Prince,Port-au-Prince,HT0111,West,HT01,43,item6,Management
40,male,01/03/1996,HT0111,2021-02-25,2021-02-25T04:07:44.843396Z,HT01,Other,unknown,['item8'],No,unknown,Yes,Yes,Friend,Improving my data analysis skills,90614c17-ce95-11eb-b604-7c67a234f601,Port-au-Prince,Port-au-Prince,HT0111,West,HT01,44,item8,Medicine
41,male,11/11/1994,HT0111,2021-02-25,2021-02-25T17:05:05.962154Z,HT01,Bachelors (bacc +4),Ecole Supérieure d'Infotronique d'Haïti (ESIH),"['item1', 'other']",No,unknown,Yes,Yes,ESIH,Improving my data analysis skills,9061581f-ce95-11eb-af12-7c67a234f601,Port-au-Prince,Port-au-Prince,HT0111,West,HT01,45,item1,Computer Science
41,male,11/11/1994,HT0111,2021-02-25,2021-02-25T17:05:05.962154Z,HT01,Bachelors (bacc +4),Ecole Supérieure d'Infotronique d'Haïti (ESIH),"['item1', 'other']",No,unknown,Yes,Yes,ESIH,Improving my data analysis skills,9061581f-ce95-11eb-af12-7c67a234f601,Port-au-Prince,Port-au-Prince,HT0111,West,HT01,46,other,other
42,male,03/09/1989,HT0111,2021-02-25,2021-02-25T21:59:09.594346Z,HT01,Other,unknown,"['item5', 'other']",Yes,Yes,Yes,Yes,Facebook,Switching careers,90615820-ce95-11eb-9088-7c67a234f601,Port-au-Prince,Port-au-Prince,HT0111,West,HT01,47,item5,Accounting
42,male,03/09/1989,HT0111,2021-02-25,2021-02-25T21:59:09.594346Z,HT01,Other,unknown,"['item5', 'other']",Yes,Yes,Yes,Yes,Facebook,Switching careers,90615820-ce95-11eb-9088-7c67a234f601,Port-au-Prince,Port-au-Prince,HT0111,West,HT01,48,other,other
43,male,14/09/1996,HT0111,2021-02-28,2021-02-28T15:21:56.910886Z,HT01,High School (16 years),unknown,"['item2', 'item3']",No,unknown,Yes,Yes,Facebook,Improving my data analysis skills,906178f8-ce95-11eb-95e9-7c67a234f601,Port-au-Prince,Port-au-Prince,HT0111,West,HT01,49,item2,Statistics
43,male,14/09/1996,HT0111,2021-02-28,2021-02-28T15:21:56.910886Z,HT01,High School (16 years),unknown,"['item2', 'item3']",No,unknown,Yes,Yes,Facebook,Improving my data analysis skills,906178f8-ce95-11eb-95e9-7c67a234f601,Port-au-Prince,Port-au-Prince,HT0111,West,HT01,50,item3,Economics
44,male,13/12/1987,HT0111,2021-03-02,2021-03-02T18:43:17.761792Z,HT01,Bachelors (bacc +4),Ecole Supérieure d'Infotronique d'Haïti (ESIH),['item5'],Yes,Yes,Yes,Yes,Facebook,Improving my data analysis skills,90617f12-ce95-11eb-a3c8-7c67a234f601,Port-au-Prince,Port-au-Prince,HT0111,West,HT01,51,item5,Accounting
45,male,13/10/1996,HT0111,2021-03-02,2021-03-02T18:58:04.716072Z,HT01,Other,unknown,['item7'],Yes,Yes,Yes,Yes,WhatsApp,other,90617f13-ce95-11eb-bc4e-7c67a234f601,Port-au-Prince,Port-au-Prince,HT0111,West,HT01,52,item7,Law
46,male,10/12/2001,HT0111,2021-03-03,2021-03-03T00:51:40.622695Z,HT01,High School (16 years),unknown,['item6'],No,unknown,Yes,Yes,other,Finding a job/internship,9061a61c-ce95-11eb-ba30-7c67a234f601,Port-au-Prince,Port-au-Prince,HT0111,West,HT01,53,item6,Management
47,female,01/11/1996,HT0111,2021-03-03,2021-03-03T15:15:26.637827Z,HT01,Bachelors (bacc +4),Centre de Techniques de Planification et d'Economie Appliquée (CTPEA),"['item2', 'item3']",No,unknown,Yes,Yes,other,Mentorship,9061a61d-ce95-11eb-a939-7c67a234f601,Port-au-Prince,Port-au-Prince,HT0111,West,HT01,54,item2,Statistics
47,female,01/11/1996,HT0111,2021-03-03,2021-03-03T15:15:26.637827Z,HT01,Bachelors (bacc +4),Centre de Techniques de Planification et d'Economie Appliquée (CTPEA),"['item2', 'item3']",No,unknown,Yes,Yes,other,Mentorship,9061a61d-ce95-11eb-a939-7c67a234f601,Port-au-Prince,Port-au-Prince,HT0111,West,HT01,55,item3,Economics
48,male,17/04/1996,HT0111,2021-03-03,2021-03-03T22:42:45.136937Z,HT01,Bachelors (bacc +4),Université d'Etat d'Haïti (UEH),['item3'],No,unknown,Yes,Yes,WhatsApp,Improving my data analysis skills,9061d752-ce95-11eb-afc7-7c67a234f601,Port-au-Prince,Port-au-Prince,HT0111,West,HT01,56,item3,Economics
49,male,31/07/2000,HT0111,2021-03-04,2021-03-04T00:47:43.600417Z,HT01,High School (16 years),unknown,"['item1', 'other']",No,unknown,Yes,Yes,Friend,Improving my data analysis skills,9061d753-ce95-11eb-967a-7c67a234f601,Port-au-Prince,Port-au-Prince,HT0111,West,HT01,57,item1,Computer Science
49,male,31/07/2000,HT0111,2021-03-04,2021-03-04T00:47:43.600417Z,HT01,High School (16 years),unknown,"['item1', 'other']",No,unknown,Yes,Yes,Friend,Improving my data analysis skills,9061d753-ce95-11eb-967a-7c67a234f601,Port-au-Prince,Port-au-Prince,HT0111,West,HT01,58,other,other
50,male,31/05/1995,HT0111,2021-03-08,2021-03-08T19:34:41.350669Z,HT01,Bachelors (bacc +4),other,['item1'],Yes,Yes,Yes,Yes,LinkedIn,Finding a job/internship,9061d754-ce95-11eb-a086-7c67a234f601,Port-au-Prince,Port-au-Prince,HT0111,West,HT01,59,item1,Computer Science
51,male,05/12/1995,HT0111,2021-03-09,2021-03-09T17:52:36.737678Z,HT01,High School (16 years),unknown,['item1'],No,unknown,Yes,Yes,Facebook,Improving my data analysis skills,9061f3ee-ce95-11eb-a9d9-7c67a234f601,Port-au-Prince,Port-au-Prince,HT0111,West,HT01,60,item1,Computer Science
52,male,09/12/1997,HT0111,2021-03-10,2021-03-10T03:57:01.435111Z,HT01,Bachelors (bacc +4),unknown,['other'],No,unknown,Yes,Yes,WhatsApp,Training to start my own company,90620452-ce95-11eb-9ec8-7c67a234f601,Port-au-Prince,Port-au-Prince,HT0111,West,HT01,61,other,other
53,male,19/10/1993,HT0111,2021-03-10,2021-03-10T10:53:17.282727Z,HT01,unknown,unknown,"['item4', 'item1', 'item6']",Yes,Yes,Yes,Yes,Ayiti Analytics Website,Improving my data analysis skills,90620453-ce95-11eb-bb57-7c67a234f601,Port-au-Prince,Port-au-Prince,HT0111,West,HT01,62,item4,Electrical Engineering
53,male,19/10/1993,HT0111,2021-03-10,2021-03-10T10:53:17.282727Z,HT01,unknown,unknown,"['item4', 'item1', 'item6']",Yes,Yes,Yes,Yes,Ayiti Analytics Website,Improving my data analysis skills,90620453-ce95-11eb-bb57-7c67a234f601,Port-au-Prince,Port-au-Prince,HT0111,West,HT01,63,item1,Computer Science
53,male,19/10/1993,HT0111,2021-03-10,2021-03-10T10:53:17.282727Z,HT01,unknown,unknown,"['item4', 'item1', 'item6']",Yes,Yes,Yes,Yes,Ayiti Analytics Website,Improving my data analysis skills,90620453-ce95-11eb-bb57-7c67a234f601,Port-au-Prince,Port-au-Prince,HT0111,West,HT01,64,item6,Management
54,male,14/04/1986,HT0111,2021-03-10,2021-03-10T15:20:49.292922Z,HT01,Masters,Université INUKA,['item1'],No,unknown,Yes,Yes,WhatsApp,Improving my data analysis skills,90621ae1-ce95-11eb-8a7d-7c67a234f601,Port-au-Prince,Port-au-Prince,HT0111,West,HT01,65,item1,Computer Science
55,male,03/08/1990,HT0111,2021-03-10,2021-03-10T18:16:01.300172Z,HT01,Other,unknown,"['item4', 'item3']",No,unknown,Yes,No,LinkedIn,Improving my data analysis skills,90622d22-ce95-11eb-a50b-7c67a234f601,Port-au-Prince,Port-au-Prince,HT0111,West,HT01,66,item4,Electrical Engineering
55,male,03/08/1990,HT0111,2021-03-10,2021-03-10T18:16:01.300172Z,HT01,Other,unknown,"['item4', 'item3']",No,unknown,Yes,No,LinkedIn,Improving my data analysis skills,90622d22-ce95-11eb-a50b-7c67a234f601,Port-au-Prince,Port-au-Prince,HT0111,West,HT01,67,item3,Economics
57,male,05/05/1996,HT0111,2021-03-11,2021-03-11T20:22:03.513198Z,HT01,Bachelors (bacc +4),other,['item5'],Yes,Yes,Yes,Yes,LinkedIn,Improving my data analysis skills,906241d4-ce95-11eb-a1eb-7c67a234f601,Port-au-Prince,Port-au-Prince,HT0111,West,HT01,68,item5,Accounting
58,male,,HT0111,2021-03-14,2021-03-14T07:29:17.391741Z,HT01,Bachelors (bacc +4),Ecole Supérieure d'Infotronique d'Haïti (ESIH),"['item1', 'item6']",No,unknown,Yes,Yes,ESIH,other,906241d5-ce95-11eb-9850-7c67a234f601,Port-au-Prince,Port-au-Prince,HT0111,West,HT01,69,item1,Computer Science
58,male,,HT0111,2021-03-14,2021-03-14T07:29:17.391741Z,HT01,Bachelors (bacc +4),Ecole Supérieure d'Infotronique d'Haïti (ESIH),"['item1', 'item6']",No,unknown,Yes,Yes,ESIH,other,906241d5-ce95-11eb-9850-7c67a234f601,Port-au-Prince,Port-au-Prince,HT0111,West,HT01,70,item6,Management
59,male,22/03/1992,HT0112,2021-02-16,2021-02-16T01:05:44.369906Z,HT01,Bachelors (bacc +4),other,['item1'],Yes,Yes,Yes,Yes,Bootcamp Alumni,unknown,90625b11-ce95-11eb-b351-7c67a234f601,Delmas,Delmas,HT0112,West,HT01,71,item1,Computer Science
60,male,07/09/1996,HT0112,2021-02-16,2021-02-16T16:26:21.193172Z,HT01,Bachelors (bacc +4),other,"['item3', 'item6']",No,unknown,Yes,Yes,Friend,Improving my data analysis skills,90626928-ce95-11eb-8f5e-7c67a234f601,Delmas,Delmas,HT0112,West,HT01,72,item3,Economics
60,male,07/09/1996,HT0112,2021-02-16,2021-02-16T16:26:21.193172Z,HT01,Bachelors (bacc +4),other,"['item3', 'item6']",No,unknown,Yes,Yes,Friend,Improving my data analysis skills,90626928-ce95-11eb-8f5e-7c67a234f601,Delmas,Delmas,HT0112,West,HT01,73,item6,Management
61,male,28/07/1994,HT0112,2021-02-16,2021-02-16T16:27:10.480937Z,HT01,Bachelors (bacc +4),Ecole Supérieure d'Infotronique d'Haïti (ESIH),['item1'],No,unknown,Yes,No,Friend,Training to start my own company,90626929-ce95-11eb-86fe-7c67a234f601,Delmas,Delmas,HT0112,West,HT01,74,item1,Computer Science
62,male,25/06/1997,HT0112,2021-02-16,2021-02-16T16:36:10.222230Z,HT01,High School (16 years),unknown,['item6'],No,unknown,Yes,No,Friend,Improving my data analysis skills,9062692a-ce95-11eb-8ab8-7c67a234f601,Delmas,Delmas,HT0112,West,HT01,75,item6,Management
63,male,30/10/1995,HT0112,2021-02-16,2021-02-16T17:00:03.452762Z,HT01,Bachelors (bacc +4),Université d'Etat d'Haïti (UEH),"['item6', 'item3']",No,unknown,Yes,Yes,WhatsApp,Finding a job/internship,90628a02-ce95-11eb-9291-7c67a234f601,Delmas,Delmas,HT0112,West,HT01,76,item6,Management
63,male,30/10/1995,HT0112,2021-02-16,2021-02-16T17:00:03.452762Z,HT01,Bachelors (bacc +4),Université d'Etat d'Haïti (UEH),"['item6', 'item3']",No,unknown,Yes,Yes,WhatsApp,Finding a job/internship,90628a02-ce95-11eb-9291-7c67a234f601,Delmas,Delmas,HT0112,West,HT01,77,item3,Economics
64,female,23/08/1998,HT0112,2021-02-16,2021-02-16T17:02:05.952877Z,HT01,Other,unknown,['other'],No,unknown,Yes,Yes,Friend,Improving my data analysis skills,90628fbe-ce95-11eb-bb9e-7c67a234f601,Delmas,Delmas,HT0112,West,HT01,78,other,other
65,male,17/05/1997,HT0112,2021-02-16,2021-02-16T17:12:01.065929Z,HT01,Other,unknown,"['item2', 'item3']",No,unknown,Yes,Yes,Bootcamp Alumni,Improving my data analysis skills,90628fbf-ce95-11eb-819c-7c67a234f601,Delmas,Delmas,HT0112,West,HT01,79,item2,Statistics
65,male,17/05/1997,HT0112,2021-02-16,2021-02-16T17:12:01.065929Z,HT01,Other,unknown,"['item2', 'item3']",No,unknown,Yes,Yes,Bootcamp Alumni,Improving my data analysis skills,90628fbf-ce95-11eb-819c-7c67a234f601,Delmas,Delmas,HT0112,West,HT01,80,item3,Economics
66,male,25/12/1998,HT0112,2021-02-16,2021-02-16T17:12:43.245003Z,HT01,High School (16 years),unknown,['item1'],No,unknown,Yes,Yes,Friend,Improving my data analysis skills,90628fc0-ce95-11eb-8dae-7c67a234f601,Delmas,Delmas,HT0112,West,HT01,81,item1,Computer Science
67,male,01/10/1995,HT0112,2021-02-16,2021-02-16T17:15:53.886054Z,HT01,Bachelors (bacc +4),Université d'Etat d'Haïti (UEH),['other'],No,unknown,Yes,Yes,Friend,Improving my data analysis skills,9062b753-ce95-11eb-8959-7c67a234f601,Delmas,Delmas,HT0112,West,HT01,82,other,other
68,male,31/03/1996,HT0112,2021-02-16,2021-02-16T17:41:52.503431Z,HT01,High School (16 years),unknown,['other'],No,unknown,Yes,Yes,Instagram,Finding a job/internship,9062b754-ce95-11eb-b31e-7c67a234f601,Delmas,Delmas,HT0112,West,HT01,83,other,other
69,female,20/09/1993,HT0112,2021-02-16,2021-02-16T21:06:25.265050Z,HT01,Bachelors (bacc +4),other,['item6'],No,unknown,No,Yes,WhatsApp,Improving my data analysis skills,9062b755-ce95-11eb-85a2-7c67a234f601,Delmas,Delmas,HT0112,West,HT01,84,item6,Management
70,male,15/10/1983,HT0112,2021-02-16,2021-02-16T22:07:20.111500Z,HT01,Bachelors (bacc +4),Université d'Etat d'Haïti (UEH),['item6'],Yes,Yes,Yes,Yes,WhatsApp,Finding a job/internship,9062ddb1-ce95-11eb-bd2f-7c67a234f601,Delmas,Delmas,HT0112,West,HT01,85,item6,Management
71,male,09/07/1995,HT0112,2021-02-16,2021-02-16T22:15:07.433561Z,HT01,Bachelors (bacc +4),other,['item1'],Yes,Yes,Yes,No,WhatsApp,Finding a job/internship,9062ddb2-ce95-11eb-89d0-7c67a234f601,Delmas,Delmas,HT0112,West,HT01,86,item1,Computer Science
72,female,19/02/1999,HT0112,2021-02-17,2021-02-17T01:30:06.750462Z,HT01,Bachelors (bacc +4),unknown,['item6'],No,unknown,Yes,Yes,Instagram,Training to start my own company,9062ddb3-ce95-11eb-acc8-7c67a234f601,Delmas,Delmas,HT0112,West,HT01,87,item6,Management
73,female,20/09/1998,HT0112,2021-02-17,2021-02-17T04:12:02.173081Z,HT01,High School (16 years),unknown,['item1'],No,unknown,Yes,Yes,Ayiti Analytics Website,Improving my data analysis skills,906304a6-ce95-11eb-b475-7c67a234f601,Delmas,Delmas,HT0112,West,HT01,88,item1,Computer Science
74,male,09/04/1995,HT0112,2021-02-17,2021-02-17T07:18:23.439343Z,HT01,Other,unknown,['item1'],No,unknown,Yes,Yes,Friend,Mentorship,906304a7-ce95-11eb-b805-7c67a234f601,Delmas,Delmas,HT0112,West,HT01,89,item1,Computer Science
75,male,28/10/1998,HT0112,2021-02-17,2021-02-17T09:08:05.640225Z,HT01,Other,unknown,['other'],No,unknown,Yes,Yes,LinkedIn,Training to start my own company,90632b9f-ce95-11eb-bb7f-7c67a234f601,Delmas,Delmas,HT0112,West,HT01,90,other,other
76,male,22/06/1996,HT0112,2021-02-17,2021-02-17T11:54:21.198255Z,HT01,High School (16 years),unknown,['item7'],Yes,Yes,Yes,Yes,WhatsApp,Finding a job/internship,90632ba0-ce95-11eb-b7c2-7c67a234f601,Delmas,Delmas,HT0112,West,HT01,91,item7,Law
77,male,01/06/1996,HT0112,2021-02-17,2021-02-17T12:43:01.698934Z,HT01,Bachelors (bacc +4),Ecole Supérieure d'Infotronique d'Haïti (ESIH),"['item1', 'item6']",No,unknown,Yes,Yes,ESIH,Improving my data analysis skills,9063799a-ce95-11eb-b32b-7c67a234f601,Delmas,Delmas,HT0112,West,HT01,92,item1,Computer Science
77,male,01/06/1996,HT0112,2021-02-17,2021-02-17T12:43:01.698934Z,HT01,Bachelors (bacc +4),Ecole Supérieure d'Infotronique d'Haïti (ESIH),"['item1', 'item6']",No,unknown,Yes,Yes,ESIH,Improving my data analysis skills,9063799a-ce95-11eb-b32b-7c67a234f601,Delmas,Delmas,HT0112,West,HT01,93,item6,Management
78,male,16/11/1983,HT0112,2021-02-17,2021-02-17T12:50:31.776385Z,HT01,Bachelors (bacc +4),Université INUKA,['item1'],Yes,Yes,Yes,Yes,Friend,Improving my data analysis skills,9063a260-ce95-11eb-87e8-7c67a234f601,Delmas,Delmas,HT0112,West,HT01,94,item1,Computer Science
79,male,15/12/1995,HT0112,2021-02-17,2021-02-17T12:53:03.071418Z,HT01,Other,unknown,['item5'],No,unknown,Yes,Yes,WhatsApp,Finding a job/internship,9063c77d-ce95-11eb-a120-7c67a234f601,Delmas,Delmas,HT0112,West,HT01,95,item5,Accounting
80,male,28/12/1987,HT0112,2021-02-17,2021-02-17T13:22:04.308801Z,HT01,Bachelors (bacc +4),other,['other'],No,unknown,Yes,Yes,WhatsApp,Training to start my own company,9063c77e-ce95-11eb-81b3-7c67a234f601,Delmas,Delmas,HT0112,West,HT01,96,other,other
81,male,30/01/1997,HT0112,2021-02-17,2021-02-17T23:09:22.751829Z,HT01,Bachelors (bacc +4),Université INUKA,['item1'],No,unknown,Yes,Yes,WhatsApp,Improving my data analysis skills,9063ee76-ce95-11eb-a84b-7c67a234f601,Delmas,Delmas,HT0112,West,HT01,97,item1,Computer Science
82,male,03/12/1999,HT0112,2021-02-18,2021-02-18T00:53:55.732510Z,HT01,High School (16 years),unknown,['other'],unknown,unknown,No,Yes,Instagram,Training to start my own company,9063ee77-ce95-11eb-9098-7c67a234f601,Delmas,Delmas,HT0112,West,HT01,98,other,other
83,male,19/09/1980,HT0112,2021-02-18,2021-02-18T02:47:30.244113Z,HT01,Other,unknown,['item1'],No,unknown,Yes,Yes,LinkedIn,Switching careers,9063ee78-ce95-11eb-a8d6-7c67a234f601,Delmas,Delmas,HT0112,West,HT01,99,item1,Computer Science
84,male,30/12/1992,HT0112,2021-02-18,2021-02-18T03:40:41.168205Z,HT01,Bachelors (bacc +4),Ecole Supérieure d'Infotronique d'Haïti (ESIH),['item1'],No,unknown,Yes,Yes,ESIH,Improving my data analysis skills,90642613-ce95-11eb-8b26-7c67a234f601,Delmas,Delmas,HT0112,West,HT01,100,item1,Computer Science
85,male,12/02/1997,HT0112,2021-02-18,2021-02-18T04:28:39.304688Z,HT01,Bachelors (bacc +4),Ecole Supérieure d'Infotronique d'Haïti (ESIH),"['item1', 'item6']",No,unknown,Yes,Yes,ESIH,Improving my data analysis skills,90642614-ce95-11eb-8db0-7c67a234f601,Delmas,Delmas,HT0112,West,HT01,101,item1,Computer Science
85,male,12/02/1997,HT0112,2021-02-18,2021-02-18T04:28:39.304688Z,HT01,Bachelors (bacc +4),Ecole Supérieure d'Infotronique d'Haïti (ESIH),"['item1', 'item6']",No,unknown,Yes,Yes,ESIH,Improving my data analysis skills,90642614-ce95-11eb-8db0-7c67a234f601,Delmas,Delmas,HT0112,West,HT01,102,item6,Management
86,male,30/01/1990,HT0112,2021-02-18,2021-02-18T05:22:51.606069Z,HT01,Bachelors (bacc +4),Université d'Etat d'Haïti (UEH),"['item4', 'item1']",No,unknown,Yes,Yes,Friend,Finding a job/internship,90643c59-ce95-11eb-aec2-7c67a234f601,Delmas,Delmas,HT0112,West,HT01,103,item4,Electrical Engineering
86,male,30/01/1990,HT0112,2021-02-18,2021-02-18T05:22:51.606069Z,HT01,Bachelors (bacc +4),Université d'Etat d'Haïti (UEH),"['item4', 'item1']",No,unknown,Yes,Yes,Friend,Finding a job/internship,90643c59-ce95-11eb-aec2-7c67a234f601,Delmas,Delmas,HT0112,West,HT01,104,item1,Computer Science
87,male,21/06/1996,HT0112,2021-02-18,2021-02-18T11:44:40.031637Z,HT01,Other,unknown,['item1'],Yes,Yes,Yes,Yes,Friend,Training to start my own company,90643c5a-ce95-11eb-b510-7c67a234f601,Delmas,Delmas,HT0112,West,HT01,105,item1,Computer Science
88,male,29/05/1991,HT0112,2021-02-18,2021-02-18T12:45:07.226821Z,HT01,Other,unknown,['other'],No,unknown,Yes,No,Friend,Training to start my own company,90646353-ce95-11eb-9f27-7c67a234f601,Delmas,Delmas,HT0112,West,HT01,106,other,other
89,male,19/09/1974,HT0112,2021-02-18,2021-02-18T13:42:10.493369Z,HT01,Bachelors (bacc +4),other,['item3'],Yes,Yes,Yes,Yes,LinkedIn,Training to start my own company,90646354-ce95-11eb-a5c9-7c67a234f601,Delmas,Delmas,HT0112,West,HT01,107,item3,Economics
90,male,29/12/1994,HT0112,2021-02-18,2021-02-18T14:52:39.191660Z,HT01,Bachelors (bacc +4),Quisqueya University,['other'],No,unknown,Yes,No,Friend,Switching careers,90646355-ce95-11eb-ae9f-7c67a234f601,Delmas,Delmas,HT0112,West,HT01,108,other,other
91,female,16/10/1997,HT0112,2021-02-18,2021-02-18T15:13:14.213543Z,HT01,Other,unknown,['item3'],No,unknown,Yes,Yes,Facebook,Improving my data analysis skills,9064923a-ce95-11eb-a2ad-7c67a234f601,Delmas,Delmas,HT0112,West,HT01,109,item3,Economics
92,male,14/08/2021,HT0112,2021-02-18,2021-02-18T15:18:22.153555Z,HT01,Other,unknown,['item1'],No,unknown,Yes,Yes,Friend,Improving my data analysis skills,9064923b-ce95-11eb-a771-7c67a234f601,Delmas,Delmas,HT0112,West,HT01,110,item1,Computer Science
93,male,06/07/1998,HT0112,2021-02-18,2021-02-18T18:18:36.397374Z,HT01,Other,unknown,"['item1', 'other', 'item6']",No,unknown,Yes,Yes,Friend,Finding a job/internship,9064b6be-ce95-11eb-b2ac-7c67a234f601,Delmas,Delmas,HT0112,West,HT01,111,item1,Computer Science
93,male,06/07/1998,HT0112,2021-02-18,2021-02-18T18:18:36.397374Z,HT01,Other,unknown,"['item1', 'other', 'item6']",No,unknown,Yes,Yes,Friend,Finding a job/internship,9064b6be-ce95-11eb-b2ac-7c67a234f601,Delmas,Delmas,HT0112,West,HT01,112,other,other
93,male,06/07/1998,HT0112,2021-02-18,2021-02-18T18:18:36.397374Z,HT01,Other,unknown,"['item1', 'other', 'item6']",No,unknown,Yes,Yes,Friend,Finding a job/internship,9064b6be-ce95-11eb-b2ac-7c67a234f601,Delmas,Delmas,HT0112,West,HT01,113,item6,Management
94,male,30/01/1991,HT0112,2021-02-19,2021-02-19T03:24:03.131078Z,HT01,Other,unknown,['other'],No,unknown,Yes,No,WhatsApp,Finding a job/internship,9064c427-ce95-11eb-9d48-7c67a234f601,Delmas,Delmas,HT0112,West,HT01,114,other,other
95,male,19/03/1991,HT0112,2021-02-19,2021-02-19T14:16:15.453530Z,HT01,Bachelors (bacc +4),Université INUKA,['item1'],No,unknown,Yes,No,Friend,Improving my data analysis skills,9064c428-ce95-11eb-a021-7c67a234f601,Delmas,Delmas,HT0112,West,HT01,115,item1,Computer Science
96,male,14/04/1989,HT0112,2021-02-19,2021-02-19T16:38:01.548858Z,HT01,Bachelors (bacc +4),Ecole Supérieure d'Infotronique d'Haïti (ESIH),['item1'],Yes,Yes,Yes,Yes,WhatsApp,Improving my data analysis skills,9064d839-ce95-11eb-8172-7c67a234f601,Delmas,Delmas,HT0112,West,HT01,116,item1,Computer Science
97,male,01/05/1988,HT0112,2021-02-19,2021-02-19T16:47:36.901523Z,HT01,Bachelors (bacc +4),Ecole Supérieure d'Infotronique d'Haïti (ESIH),['item1'],Yes,Yes,Yes,Yes,WhatsApp,Improving my data analysis skills,9064d83a-ce95-11eb-9bef-7c67a234f601,Delmas,Delmas,HT0112,West,HT01,117,item1,Computer Science
98,male,20/01/1987,HT0112,2021-02-20,2021-02-20T08:42:34.174864Z,HT01,Bachelors (bacc +4),Université INUKA,['item1'],Yes,Yes,Yes,Yes,Ayiti Analytics Website,Improving my data analysis skills,9064d83b-ce95-11eb-a034-7c67a234f601,Delmas,Delmas,HT0112,West,HT01,118,item1,Computer Science
99,male,21/04/1991,HT0112,2021-02-20,2021-02-20T15:50:20.410039Z,HT01,Bachelors (bacc +4),Université d'Etat d'Haïti (UEH),"['item5', 'item6']",Yes,No,Yes,Yes,Friend,Improving my data analysis skills,9064d83c-ce95-11eb-bc96-7c67a234f601,Delmas,Delmas,HT0112,West,HT01,119,item5,Accounting
99,male,21/04/1991,HT0112,2021-02-20,2021-02-20T15:50:20.410039Z,HT01,Bachelors (bacc +4),Université d'Etat d'Haïti (UEH),"['item5', 'item6']",Yes,No,Yes,Yes,Friend,Improving my data analysis skills,9064d83c-ce95-11eb-bc96-7c67a234f601,Delmas,Delmas,HT0112,West,HT01,120,item6,Management
100,male,12/06/1997,HT0112,2021-02-20,2021-02-20T19:05:30.429837Z,HT01,Bachelors (bacc +4),other,['item5'],No,unknown,Yes,Yes,Bootcamp Alumni,Improving my data analysis skills,9064ff26-ce95-11eb-8428-7c67a234f601,Delmas,Delmas,HT0112,West,HT01,121,item5,Accounting
101,male,13/07/1990,HT0112,2021-02-21,2021-02-21T17:51:13.742634Z,HT01,Bachelors (bacc +4),Université d'Etat d'Haïti (UEH),['other'],No,unknown,Yes,Yes,LinkedIn,Finding a job/internship,9064ff27-ce95-11eb-aaa6-7c67a234f601,Delmas,Delmas,HT0112,West,HT01,122,other,other
102,female,17/06/1989,HT0112,2021-02-23,2021-02-23T15:28:46.593280Z,HT01,Masters,Ecole Supérieure d'Infotronique d'Haïti (ESIH),['item1'],Yes,Yes,Yes,Yes,Bootcamp Alumni,Improving my data analysis skills,9064ff28-ce95-11eb-857f-7c67a234f601,Delmas,Delmas,HT0112,West,HT01,123,item1,Computer Science
103,female,28/08/1986,HT0112,2021-02-23,2021-02-23T16:25:06.358639Z,HT01,Masters,other,['item1'],No,unknown,Yes,Yes,WhatsApp,Finding a job/internship,9064ff29-ce95-11eb-a3d3-7c67a234f601,Delmas,Delmas,HT0112,West,HT01,124,item1,Computer Science
104,male,06/01/1994,HT0112,2021-02-23,2021-02-23T16:27:50.579736Z,HT01,Other,unknown,['other'],No,unknown,Yes,Yes,WhatsApp,Mentorship,9064ff2a-ce95-11eb-8430-7c67a234f601,Delmas,Delmas,HT0112,West,HT01,125,other,other
105,male,14/12/1996,HT0112,2021-02-24,2021-02-24T04:06:28.622697Z,HT01,Bachelors (bacc +4),other,['item1'],Yes,Yes,Yes,Yes,Friend,Finding a job/internship,90652a93-ce95-11eb-a8af-7c67a234f601,Delmas,Delmas,HT0112,West,HT01,126,item1,Computer Science
106,female,17/07/1994,HT0112,2021-02-25,2021-02-25T01:08:53.117761Z,HT01,Other,unknown,['other'],No,unknown,No,No,Bootcamp Alumni,Finding a job/internship,90652a94-ce95-11eb-892d-7c67a234f601,Delmas,Delmas,HT0112,West,HT01,127,other,other
107,male,23/03/1994,HT0112,2021-02-25,2021-02-25T02:10:22.052010Z,HT01,Bachelors (bacc +4),Université INUKA,['other'],No,unknown,Yes,Yes,Ayiti Analytics Website,Mentorship,90652a95-ce95-11eb-8845-7c67a234f601,Delmas,Delmas,HT0112,West,HT01,128,other,other
108,male,11/06/1995,HT0112,2021-02-25,2021-02-25T05:08:47.102525Z,HT01,Bachelors (bacc +4),Centre de Techniques de Planification et d'Economie Appliquée (CTPEA),['item2'],No,unknown,Yes,Yes,LinkedIn,Improving my data analysis skills,90652a96-ce95-11eb-97b2-7c67a234f601,Delmas,Delmas,HT0112,West,HT01,129,item2,Statistics
110,male,04/09/1994,HT0112,2021-02-26,2021-02-26T19:53:22.780682Z,HT01,Other,unknown,['item6'],Yes,Yes,Yes,Yes,Friend,Training to start my own company,906555be-ce95-11eb-9d03-7c67a234f601,Delmas,Delmas,HT0112,West,HT01,130,item6,Management
111,male,13/12/1997,HT0112,2021-02-27,2021-02-27T12:34:01.718249Z,HT01,High School (16 years),unknown,['item1'],Yes,Yes,Yes,Yes,WhatsApp,Improving my data analysis skills,906555bf-ce95-11eb-92ac-7c67a234f601,Delmas,Delmas,HT0112,West,HT01,131,item1,Computer Science
112,male,21/10/1998,HT0112,2021-02-27,2021-02-27T19:43:50.291218Z,HT01,Other,unknown,['item6'],No,unknown,Yes,Yes,Friend,Switching careers,906555c0-ce95-11eb-a091-7c67a234f601,Delmas,Delmas,HT0112,West,HT01,132,item6,Management
113,male,07/11/1991,HT0112,2021-03-01,2021-03-01T04:52:38.470771Z,HT01,Bachelors (bacc +4),Ecole Supérieure d'Infotronique d'Haïti (ESIH),['item1'],No,unknown,Yes,Yes,ESIH,Finding a job/internship,906555c1-ce95-11eb-95e0-7c67a234f601,Delmas,Delmas,HT0112,West,HT01,133,item1,Computer Science
114,female,17/11/1988,HT0112,2021-03-03,2021-03-03T00:31:59.218020Z,HT01,Masters,other,['item2'],No,unknown,Yes,Yes,Friend,Improving my data analysis skills,9065740c-ce95-11eb-968f-7c67a234f601,Delmas,Delmas,HT0112,West,HT01,134,item2,Statistics
115,male,20/10/1980,HT0112,2021-03-03,2021-03-03T08:49:43.789800Z,HT01,Bachelors (bacc +4),other,['other'],No,unknown,No,No,Facebook,Training to start my own company,90658229-ce95-11eb-ab19-7c67a234f601,Delmas,Delmas,HT0112,West,HT01,135,other,other
116,female,,HT0112,2021-03-03,2021-03-03T16:42:19.840822Z,HT01,Bachelors (bacc +4),Université d'Etat d'Haïti (UEH),['other'],No,unknown,Yes,Yes,Friend,Improving my data analysis skills,9065822a-ce95-11eb-9df5-7c67a234f601,Delmas,Delmas,HT0112,West,HT01,136,other,other
117,male,07/12/1970,HT0112,2021-03-05,2021-03-05T22:14:55.182454Z,HT01,Masters,other,['item1'],Yes,Yes,Yes,Yes,other,Improving my data analysis skills,9065822b-ce95-11eb-a3e6-7c67a234f601,Delmas,Delmas,HT0112,West,HT01,137,item1,Computer Science
118,male,23/06/1996,HT0112,2021-03-06,2021-03-06T00:07:10.794747Z,HT01,Bachelors (bacc +4),other,['item6'],No,unknown,Yes,Yes,Friend,Improving my data analysis skills,90659aff-ce95-11eb-bcbe-7c67a234f601,Delmas,Delmas,HT0112,West,HT01,138,item6,Management
119,male,31/12/1997,HT0112,2021-03-06,2021-03-06T01:31:38.452748Z,HT01,Bachelors (bacc +4),Centre de Techniques de Planification et d'Economie Appliquée (CTPEA),"['item2', 'item3']",No,unknown,Yes,Yes,Bootcamp Alumni,Improving my data analysis skills,90659b00-ce95-11eb-9e8f-7c67a234f601,Delmas,Delmas,HT0112,West,HT01,139,item2,Statistics
119,male,31/12/1997,HT0112,2021-03-06,2021-03-06T01:31:38.452748Z,HT01,Bachelors (bacc +4),Centre de Techniques de Planification et d'Economie Appliquée (CTPEA),"['item2', 'item3']",No,unknown,Yes,Yes,Bootcamp Alumni,Improving my data analysis skills,90659b00-ce95-11eb-9e8f-7c67a234f601,Delmas,Delmas,HT0112,West,HT01,140,item3,Economics
120,male,27/03/1994,HT0112,2021-03-06,2021-03-06T18:06:24.355441Z,HT01,Bachelors (bacc +4),Université INUKA,['item1'],No,unknown,Yes,No,Friend,Improving my data analysis skills,90659b01-ce95-11eb-b7ea-7c67a234f601,Delmas,Delmas,HT0112,West,HT01,141,item1,Computer Science
121,male,19/03/1990,HT0112,2021-03-07,2021-03-07T21:46:33.585138Z,HT01,"Doctorate (PhD, MD, JD)",other,['item8'],Yes,Yes,Yes,Yes,Friend,Improving my data analysis skills,90659b02-ce95-11eb-a379-7c67a234f601,Delmas,Delmas,HT0112,West,HT01,142,item8,Medicine
123,male,15/10/1996,HT0112,2021-03-08,2021-03-08T19:11:26.440540Z,HT01,Bachelors (bacc +4),other,['item6'],No,unknown,No,Yes,Facebook,Finding a job/internship,9065e939-ce95-11eb-9702-7c67a234f601,Delmas,Delmas,HT0112,West,HT01,143,item6,Management
124,female,06/09/1997,HT0112,2021-03-10,2021-03-10T03:24:38.241992Z,HT01,Bachelors (bacc +4),Université d'Etat d'Haïti (UEH),['item6'],No,unknown,Yes,Yes,ESIH,Improving my data analysis skills,9065e93a-ce95-11eb-887d-7c67a234f601,Delmas,Delmas,HT0112,West,HT01,144,item6,Management
125,female,29/12/1998,HT0112,2021-03-10,2021-03-10T22:18:54.126676Z,HT01,Bachelors (bacc +4),Ecole Supérieure d'Infotronique d'Haïti (ESIH),['item1'],No,unknown,Yes,Yes,ESIH,Improving my data analysis skills,90660fe1-ce95-11eb-a30e-7c67a234f601,Delmas,Delmas,HT0112,West,HT01,145,item1,Computer Science
126,male,23/08/1992,HT0112,2021-03-11,2021-03-11T20:33:09.038679Z,HT01,Bachelors (bacc +4),Université d'Etat d'Haïti (UEH),['other'],No,unknown,Yes,Yes,Facebook,Switching careers,90660fe2-ce95-11eb-a2b5-7c67a234f601,Delmas,Delmas,HT0112,West,HT01,146,other,other
127,male,05/12/1994,HT0112,2021-03-12,2021-03-12T17:20:46.946813Z,HT01,Bachelors (bacc +4),other,['item1'],Yes,Yes,Yes,Yes,Ayiti Analytics Website,Improving my data analysis skills,90660fe3-ce95-11eb-8747-7c67a234f601,Delmas,Delmas,HT0112,West,HT01,147,item1,Computer Science
128,male,01/01/1988,HT0112,2021-03-13,2021-03-13T00:10:59.350971Z,HT01,Bachelors (bacc +4),Quisqueya University,['other'],Yes,Yes,Yes,Yes,LinkedIn,Improving my data analysis skills,906636ce-ce95-11eb-ba43-7c67a234f601,Delmas,Delmas,HT0112,West,HT01,148,other,other
129,male,08/11/1981,HT0112,2021-03-13,2021-03-13T15:17:07.801131Z,HT01,Masters,other,['item6'],Yes,Yes,Yes,Yes,Friend,Improving my data analysis skills,906636cf-ce95-11eb-8679-7c67a234f601,Delmas,Delmas,HT0112,West,HT01,149,item6,Management
130,male,16/05/1995,HT0521,2021-02-16,2021-02-16T15:49:56.430384Z,HT05,Other,unknown,['item1'],No,unknown,Yes,Yes,WhatsApp,Training to start my own company,906636d0-ce95-11eb-9875-7c67a234f601,Gros Morne,Gros Morne,HT0521,Artibonite,HT05,150,item1,Computer Science
131,male,13/12/1994,HT0118,2021-02-16,2021-02-16T15:58:42.955451Z,HT01,Bachelors (bacc +4),other,['other'],Yes,Yes,Yes,Yes,Friend,Training to start my own company,906636d1-ce95-11eb-8379-7c67a234f601,Tabarre,Tabarre,HT0118,West,HT01,151,other,other
132,male,11/06/1992,HT0118,2021-02-17,2021-02-17T00:22:37.384206Z,HT01,Bachelors (bacc +4),Centre de Techniques de Planification et d'Economie Appliquée (CTPEA),['item2'],No,unknown,Yes,No,LinkedIn,Improving my data analysis skills,90665dbc-ce95-11eb-8162-7c67a234f601,Tabarre,Tabarre,HT0118,West,HT01,152,item2,Statistics
133,male,26/12/1996,HT0118,2021-02-17,2021-02-17T01:14:58.145999Z,HT01,Other,unknown,"['item3', 'item1']",No,unknown,Yes,Yes,WhatsApp,Improving my data analysis skills,90665dbd-ce95-11eb-bcc1-7c67a234f601,Tabarre,Tabarre,HT0118,West,HT01,153,item3,Economics
133,male,26/12/1996,HT0118,2021-02-17,2021-02-17T01:14:58.145999Z,HT01,Other,unknown,"['item3', 'item1']",No,unknown,Yes,Yes,WhatsApp,Improving my data analysis skills,90665dbd-ce95-11eb-bcc1-7c67a234f601,Tabarre,Tabarre,HT0118,West,HT01,154,item1,Computer Science
134,female,03/08/1999,HT0118,2021-02-17,2021-02-17T14:51:32.832720Z,HT01,High School (16 years),unknown,['item2'],No,unknown,Yes,Yes,other,Improving my data analysis skills,90665dbe-ce95-11eb-b66a-7c67a234f601,Tabarre,Tabarre,HT0118,West,HT01,155,item2,Statistics
135,female,16/09/1998,HT0118,2021-02-17,2021-02-17T16:11:40.249957Z,HT01,Bachelors (bacc +4),Ecole Supérieure d'Infotronique d'Haïti (ESIH),['item1'],No,unknown,Yes,Yes,ESIH,Training to start my own company,90665dbf-ce95-11eb-a9b5-7c67a234f601,Tabarre,Tabarre,HT0118,West,HT01,156,item1,Computer Science
136,male,02/02/1994,HT0118,2021-02-18,2021-02-18T15:26:08.078402Z,HT01,Bachelors (bacc +4),Ecole Supérieure d'Infotronique d'Haïti (ESIH),"['item1', 'item6']",No,unknown,Yes,Yes,WhatsApp,Finding a job/internship,90665dc0-ce95-11eb-926f-7c67a234f601,Tabarre,Tabarre,HT0118,West,HT01,157,item1,Computer Science
136,male,02/02/1994,HT0118,2021-02-18,2021-02-18T15:26:08.078402Z,HT01,Bachelors (bacc +4),Ecole Supérieure d'Infotronique d'Haïti (ESIH),"['item1', 'item6']",No,unknown,Yes,Yes,WhatsApp,Finding a job/internship,90665dc0-ce95-11eb-926f-7c67a234f601,Tabarre,Tabarre,HT0118,West,HT01,158,item6,Management
137,female,27/08/1992,HT0118,2021-02-18,2021-02-18T23:54:03.283482Z,HT01,Masters,Université d'Etat d'Haïti (UEH),['item1'],No,unknown,Yes,Yes,Friend,Improving my data analysis skills,90668798-ce95-11eb-86fc-7c67a234f601,Tabarre,Tabarre,HT0118,West,HT01,159,item1,Computer Science
138,male,29/09/1999,HT0118,2021-03-03,2021-03-03T15:18:22.916805Z,HT01,High School (16 years),unknown,['other'],No,unknown,Yes,Yes,Facebook,Improving my data analysis skills,90668799-ce95-11eb-b4ec-7c67a234f601,Tabarre,Tabarre,HT0118,West,HT01,160,other,other
139,male,27/11/1998,HT0118,2021-03-06,2021-03-06T17:41:23.128846Z,HT01,Bachelors (bacc +4),Centre de Techniques de Planification et d'Economie Appliquée (CTPEA),['item2'],No,unknown,Yes,Yes,Ayiti Analytics Website,Improving my data analysis skills,9066879a-ce95-11eb-bafa-7c67a234f601,Tabarre,Tabarre,HT0118,West,HT01,161,item2,Statistics
140,male,17/09/1988,HT0118,2021-03-07,2021-03-07T15:27:02.670839Z,HT01,Bachelors (bacc +4),unknown,"['item6', 'item3']",No,unknown,Yes,No,LinkedIn,Improving my data analysis skills,9066879b-ce95-11eb-9d4a-7c67a234f601,Tabarre,Tabarre,HT0118,West,HT01,162,item6,Management
140,male,17/09/1988,HT0118,2021-03-07,2021-03-07T15:27:02.670839Z,HT01,Bachelors (bacc +4),unknown,"['item6', 'item3']",No,unknown,Yes,No,LinkedIn,Improving my data analysis skills,9066879b-ce95-11eb-9d4a-7c67a234f601,Tabarre,Tabarre,HT0118,West,HT01,163,item3,Economics
141,male,23/11/1997,HT0118,2021-03-09,2021-03-09T01:06:07.021997Z,HT01,Bachelors (bacc +4),Centre de Techniques de Planification et d'Economie Appliquée (CTPEA),"['item2', 'item3']",No,unknown,Yes,Yes,WhatsApp,Improving my data analysis skills,9066abb5-ce95-11eb-aa16-7c67a234f601,Tabarre,Tabarre,HT0118,West,HT01,164,item2,Statistics
141,male,23/11/1997,HT0118,2021-03-09,2021-03-09T01:06:07.021997Z,HT01,Bachelors (bacc +4),Centre de Techniques de Planification et d'Economie Appliquée (CTPEA),"['item2', 'item3']",No,unknown,Yes,Yes,WhatsApp,Improving my data analysis skills,9066abb5-ce95-11eb-aa16-7c67a234f601,Tabarre,Tabarre,HT0118,West,HT01,165,item3,Economics
142,male,20/10/1996,HT0113,2021-02-16,2021-02-16T16:24:18.253240Z,HT01,Bachelors (bacc +4),Centre de Techniques de Planification et d'Economie Appliquée (CTPEA),['item2'],No,unknown,Yes,No,Friend,Improving my data analysis skills,9066abb6-ce95-11eb-b526-7c67a234f601,Carrefour,Carrefour,HT0113,West,HT01,166,item2,Statistics
143,male,25/11/1991,HT0113,2021-02-16,2021-02-16T16:48:05.493126Z,HT01,Bachelors (bacc +4),unknown,['item3'],Yes,No,Yes,Yes,Friend,Improving my data analysis skills,9066abb7-ce95-11eb-846d-7c67a234f601,Carrefour,Carrefour,HT0113,West,HT01,167,item3,Economics
144,male,27/11/1991,HT0113,2021-02-16,2021-02-16T17:10:50.323977Z,HT01,Bachelors (bacc +4),Centre de Techniques de Planification et d'Economie Appliquée (CTPEA),"['item3', 'item2']",No,unknown,Yes,Yes,WhatsApp,Improving my data analysis skills,9066abb8-ce95-11eb-b61d-7c67a234f601,Carrefour,Carrefour,HT0113,West,HT01,168,item3,Economics
144,male,27/11/1991,HT0113,2021-02-16,2021-02-16T17:10:50.323977Z,HT01,Bachelors (bacc +4),Centre de Techniques de Planification et d'Economie Appliquée (CTPEA),"['item3', 'item2']",No,unknown,Yes,Yes,WhatsApp,Improving my data analysis skills,9066abb8-ce95-11eb-b61d-7c67a234f601,Carrefour,Carrefour,HT0113,West,HT01,169,item2,Statistics
145,male,26/02/1996,HT0113,2021-02-16,2021-02-16T17:57:54.429200Z,HT01,Bachelors (bacc +4),Centre de Techniques de Planification et d'Economie Appliquée (CTPEA),"['item2', 'item3']",Yes,Yes,No,Yes,Facebook,Improving my data analysis skills,9066abb9-ce95-11eb-af6a-7c67a234f601,Carrefour,Carrefour,HT0113,West,HT01,170,item2,Statistics
145,male,26/02/1996,HT0113,2021-02-16,2021-02-16T17:57:54.429200Z,HT01,Bachelors (bacc +4),Centre de Techniques de Planification et d'Economie Appliquée (CTPEA),"['item2', 'item3']",Yes,Yes,No,Yes,Facebook,Improving my data analysis skills,9066abb9-ce95-11eb-af6a-7c67a234f601,Carrefour,Carrefour,HT0113,West,HT01,171,item3,Economics
146,female,28/02/1991,HT0113,2021-02-16,2021-02-16T23:40:28.554496Z,HT01,Bachelors (bacc +4),other,['other'],No,unknown,Yes,Yes,Bootcamp Alumni,Finding a job/internship,9066d2aa-ce95-11eb-b221-7c67a234f601,Carrefour,Carrefour,HT0113,West,HT01,172,other,other
147,male,13/10/1997,HT0113,2021-02-17,2021-02-17T00:45:00.561013Z,HT01,Bachelors (bacc +4),other,['item3'],No,unknown,Yes,No,Ayiti Analytics Website,Training to start my own company,9066d2ab-ce95-11eb-be67-7c67a234f601,Carrefour,Carrefour,HT0113,West,HT01,173,item3,Economics
148,male,23/09/1990,HT0113,2021-02-17,2021-02-17T02:49:45.203476Z,HT01,Bachelors (bacc +4),Université INUKA,['item1'],No,unknown,Yes,Yes,Facebook,Finding a job/internship,9066d2ac-ce95-11eb-8752-7c67a234f601,Carrefour,Carrefour,HT0113,West,HT01,174,item1,Computer Science
149,male,07/08/1995,HT0113,2021-02-17,2021-02-17T03:08:04.319774Z,HT01,Bachelors (bacc +4),other,['item1'],No,unknown,Yes,Yes,WhatsApp,Training to start my own company,9066d2ad-ce95-11eb-82c7-7c67a234f601,Carrefour,Carrefour,HT0113,West,HT01,175,item1,Computer Science
150,female,28/01/2000,HT0113,2021-02-17,2021-02-17T05:34:46.399324Z,HT01,High School (16 years),unknown,"['item6', 'item7']",No,unknown,Yes,Yes,WhatsApp,Improving my data analysis skills,9066faad-ce95-11eb-a4b7-7c67a234f601,Carrefour,Carrefour,HT0113,West,HT01,176,item6,Management
150,female,28/01/2000,HT0113,2021-02-17,2021-02-17T05:34:46.399324Z,HT01,High School (16 years),unknown,"['item6', 'item7']",No,unknown,Yes,Yes,WhatsApp,Improving my data analysis skills,9066faad-ce95-11eb-a4b7-7c67a234f601,Carrefour,Carrefour,HT0113,West,HT01,177,item7,Law
151,female,02/05/1995,HT0113,2021-02-17,2021-02-17T18:24:05.354579Z,HT01,Bachelors (bacc +4),Centre de Techniques de Planification et d'Economie Appliquée (CTPEA),"['item3', 'item2']",No,unknown,Yes,Yes,Bootcamp Alumni,Improving my data analysis skills,9066faae-ce95-11eb-9b99-7c67a234f601,Carrefour,Carrefour,HT0113,West,HT01,178,item3,Economics
151,female,02/05/1995,HT0113,2021-02-17,2021-02-17T18:24:05.354579Z,HT01,Bachelors (bacc +4),Centre de Techniques de Planification et d'Economie Appliquée (CTPEA),"['item3', 'item2']",No,unknown,Yes,Yes,Bootcamp Alumni,Improving my data analysis skills,9066faae-ce95-11eb-9b99-7c67a234f601,Carrefour,Carrefour,HT0113,West,HT01,179,item2,Statistics
152,male,04/03/2000,HT0113,2021-02-17,2021-02-17T21:40:53.098541Z,HT01,Other,unknown,['item1'],No,unknown,No,No,Facebook,Improving my data analysis skills,9066faaf-ce95-11eb-beb4-7c67a234f601,Carrefour,Carrefour,HT0113,West,HT01,180,item1,Computer Science
153,male,20/04/1996,HT0113,2021-02-17,2021-02-17T21:42:17.623624Z,HT01,Bachelors (bacc +4),Université d'Etat d'Haïti (UEH),"['item3', 'item6']",No,unknown,Yes,Yes,Friend,Improving my data analysis skills,9066fab0-ce95-11eb-ba75-7c67a234f601,Carrefour,Carrefour,HT0113,West,HT01,181,item3,Economics
153,male,20/04/1996,HT0113,2021-02-17,2021-02-17T21:42:17.623624Z,HT01,Bachelors (bacc +4),Université d'Etat d'Haïti (UEH),"['item3', 'item6']",No,unknown,Yes,Yes,Friend,Improving my data analysis skills,9066fab0-ce95-11eb-ba75-7c67a234f601,Carrefour,Carrefour,HT0113,West,HT01,182,item6,Management
154,female,,HT0113,2021-02-18,2021-02-18T15:55:37.861947Z,HT01,Bachelors (bacc +4),Université d'Etat d'Haïti (UEH),['other'],No,unknown,Yes,Yes,Facebook,Finding a job/internship,9066fab1-ce95-11eb-a4e2-7c67a234f601,Carrefour,Carrefour,HT0113,West,HT01,183,other,other
155,female,30/06/1992,HT0113,2021-02-18,2021-02-18T18:38:19.386332Z,HT01,Bachelors (bacc +4),Université d'Etat d'Haïti (UEH),['other'],No,unknown,Yes,Yes,Friend,Improving my data analysis skills,90672094-ce95-11eb-9bfe-7c67a234f601,Carrefour,Carrefour,HT0113,West,HT01,184,other,other
156,male,19/09/1995,HT0113,2021-02-19,2021-02-19T13:38:16.646058Z,HT01,Bachelors (bacc +4),other,['item1'],No,unknown,Yes,No,Friend,Training to start my own company,90672095-ce95-11eb-a84d-7c67a234f601,Carrefour,Carrefour,HT0113,West,HT01,185,item1,Computer Science
157,male,19/02/2000,HT0113,2021-02-22,2021-02-22T10:31:57.592770Z,HT01,Other,unknown,['item1'],No,unknown,Yes,Yes,WhatsApp,Improving my data analysis skills,90672096-ce95-11eb-9663-7c67a234f601,Carrefour,Carrefour,HT0113,West,HT01,186,item1,Computer Science
158,male,12/12/1988,HT0113,2021-02-22,2021-02-22T18:19:25.534707Z,HT01,Bachelors (bacc +4),Centre de Techniques de Planification et d'Economie Appliquée (CTPEA),['item3'],Yes,Yes,Yes,No,Bootcamp Alumni,Improving my data analysis skills,90672097-ce95-11eb-b73b-7c67a234f601,Carrefour,Carrefour,HT0113,West,HT01,187,item3,Economics
159,male,27/12/1993,HT0113,2021-02-24,2021-02-24T19:31:28.353768Z,HT01,Masters,Université d'Etat d'Haïti (UEH),['other'],No,unknown,Yes,Yes,Bootcamp Alumni,Improving my data analysis skills,90674789-ce95-11eb-ac21-7c67a234f601,Carrefour,Carrefour,HT0113,West,HT01,188,other,other
160,male,13/09/1990,HT0113,2021-02-25,2021-02-25T20:16:13.769427Z,HT01,Bachelors (bacc +4),other,['item1'],Yes,Yes,Yes,Yes,Facebook,Switching careers,9067478a-ce95-11eb-bc48-7c67a234f601,Carrefour,Carrefour,HT0113,West,HT01,189,item1,Computer Science
161,female,15/02/1995,HT0113,2021-02-26,2021-02-26T01:33:19.949628Z,HT01,Bachelors (bacc +4),Ecole Supérieure d'Infotronique d'Haïti (ESIH),['item1'],No,unknown,Yes,Yes,Ayiti Analytics Website,Training to start my own company,9067478b-ce95-11eb-aba9-7c67a234f601,Carrefour,Carrefour,HT0113,West,HT01,190,item1,Computer Science
162,male,14/01/1997,HT0113,2021-03-02,2021-03-02T18:38:54.971319Z,HT01,Bachelors (bacc +4),Université d'Etat d'Haïti (UEH),['other'],No,unknown,Yes,Yes,Friend,Improving my data analysis skills,9067478c-ce95-11eb-94f6-7c67a234f601,Carrefour,Carrefour,HT0113,West,HT01,191,other,other
163,male,22/10/1998,HT0113,2021-03-03,2021-03-03T01:28:33.196360Z,HT01,High School (16 years),unknown,['item1'],No,unknown,Yes,Yes,other,other,90676757-ce95-11eb-85fc-7c67a234f601,Carrefour,Carrefour,HT0113,West,HT01,192,item1,Computer Science
164,male,10/10/2000,HT0113,2021-03-03,2021-03-03T20:27:18.237128Z,HT01,High School (16 years),unknown,['item3'],No,unknown,Yes,Yes,Friend,Improving my data analysis skills,90677020-ce95-11eb-a2f6-7c67a234f601,Carrefour,Carrefour,HT0113,West,HT01,193,item3,Economics
165,male,25/09/1997,HT0114,2021-02-16,2021-02-16T16:40:06.301828Z,HT01,Bachelors (bacc +4),Ecole Supérieure d'Infotronique d'Haïti (ESIH),['item1'],No,unknown,Yes,Yes,ESIH,Improving my data analysis skills,90677021-ce95-11eb-a3f5-7c67a234f601,Petion-Ville,Pétion-Ville,HT0114,West,HT01,194,item1,Computer Science
166,male,26/06/1972,HT0114,2021-02-16,2021-02-16T17:18:30.784338Z,HT01,Masters,other,['other'],No,unknown,Yes,Yes,WhatsApp,Improving my data analysis skills,90677022-ce95-11eb-911c-7c67a234f601,Petion-Ville,Pétion-Ville,HT0114,West,HT01,195,other,other
167,male,21/10/1982,HT0114,2021-02-16,2021-02-16T17:31:27.713172Z,HT01,High School (16 years),unknown,['other'],Yes,Yes,Yes,Yes,Friend,Improving my data analysis skills,90677023-ce95-11eb-8bd4-7c67a234f601,Petion-Ville,Pétion-Ville,HT0114,West,HT01,196,other,other
168,male,16/10/1995,HT0114,2021-02-16,2021-02-16T17:33:06.303340Z,HT01,Bachelors (bacc +4),unknown,['item1'],Yes,Yes,Yes,Yes,Friend,Improving my data analysis skills,9067957a-ce95-11eb-aff1-7c67a234f601,Petion-Ville,Pétion-Ville,HT0114,West,HT01,197,item1,Computer Science
169,male,09/06/1997,HT0114,2021-02-16,2021-02-16T18:28:34.284139Z,HT01,Other,unknown,['other'],No,unknown,No,Yes,Ayiti Analytics Website,Improving my data analysis skills,9067957b-ce95-11eb-a3f9-7c67a234f601,Petion-Ville,Pétion-Ville,HT0114,West,HT01,198,other,other
170,male,22/04/1987,HT0114,2021-02-17,2021-02-17T07:00:34.144303Z,HT01,Bachelors (bacc +4),Quisqueya University,['item5'],unknown,unknown,Yes,Yes,Instagram,Switching careers,9067957c-ce95-11eb-9346-7c67a234f601,Petion-Ville,Pétion-Ville,HT0114,West,HT01,199,item5,Accounting
171,male,09/04/1992,HT0114,2021-02-17,2021-02-17T08:11:43.133441Z,HT01,Bachelors (bacc +4),Université d'Etat d'Haïti (UEH),['other'],Yes,Yes,No,Yes,Friend,Switching careers,9067957d-ce95-11eb-82b5-7c67a234f601,Petion-Ville,Pétion-Ville,HT0114,West,HT01,200,other,other
172,male,01/10/1990,HT0114,2021-02-17,2021-02-17T22:09:36.206678Z,HT01,Other,unknown,['item1'],No,unknown,Yes,Yes,WhatsApp,Mentorship,9067bc86-ce95-11eb-b97f-7c67a234f601,Petion-Ville,Pétion-Ville,HT0114,West,HT01,201,item1,Computer Science
173,male,11/05/1994,HT0114,2021-02-17,2021-02-17T22:47:37.396249Z,HT01,Bachelors (bacc +4),Ecole Supérieure d'Infotronique d'Haïti (ESIH),['item1'],No,unknown,Yes,Yes,ESIH,Improving my data analysis skills,9067bc87-ce95-11eb-977f-7c67a234f601,Petion-Ville,Pétion-Ville,HT0114,West,HT01,202,item1,Computer Science
174,male,18/12/1994,HT0114,2021-02-18,2021-02-18T15:25:41.487780Z,HT01,Bachelors (bacc +4),Université d'Etat d'Haïti (UEH),['other'],No,unknown,Yes,Yes,WhatsApp,Improving my data analysis skills,9067ce03-ce95-11eb-8fa0-7c67a234f601,Petion-Ville,Pétion-Ville,HT0114,West,HT01,203,other,other
175,male,28/05/1995,HT0114,2021-02-19,2021-02-19T02:49:42.320814Z,HT01,Other,unknown,['item1'],Yes,Yes,Yes,Yes,WhatsApp,Improving my data analysis skills,9067e4bf-ce95-11eb-afb1-7c67a234f601,Petion-Ville,Pétion-Ville,HT0114,West,HT01,204,item1,Computer Science
176,male,18/02/2021,HT0114,2021-02-19,2021-02-19T05:54:34.455255Z,HT01,Bachelors (bacc +4),other,['item1'],No,unknown,Yes,No,WhatsApp,Training to start my own company,9067e4c0-ce95-11eb-bebe-7c67a234f601,Petion-Ville,Pétion-Ville,HT0114,West,HT01,205,item1,Computer Science
177,male,21/10/1982,HT0114,2021-02-19,2021-02-19T08:58:54.366317Z,HT01,Bachelors (bacc +4),other,['item1'],No,unknown,Yes,Yes,other,Improving my data analysis skills,9067e4c1-ce95-11eb-b85a-7c67a234f601,Petion-Ville,Pétion-Ville,HT0114,West,HT01,206,item1,Computer Science
179,male,02/09/1997,HT0114,2021-02-20,2021-02-20T13:36:41.923830Z,HT01,High School (16 years),unknown,['item1'],Yes,Yes,No,Yes,WhatsApp,Training to start my own company,90680a69-ce95-11eb-ac13-7c67a234f601,Petion-Ville,Pétion-Ville,HT0114,West,HT01,207,item1,Computer Science
180,male,11/09/1995,HT0114,2021-02-21,2021-02-21T01:07:12.484707Z,HT01,Bachelors (bacc +4),Centre de Techniques de Planification et d'Economie Appliquée (CTPEA),['item2'],No,unknown,Yes,Yes,Friend,Improving my data analysis skills,90680a6a-ce95-11eb-bf44-7c67a234f601,Petion-Ville,Pétion-Ville,HT0114,West,HT01,208,item2,Statistics
181,male,25/07/1993,HT0114,2021-02-21,2021-02-21T01:10:49.631495Z,HT01,Bachelors (bacc +4),other,['item1'],No,unknown,Yes,Yes,Ayiti Analytics Website,Improving my data analysis skills,90680a6b-ce95-11eb-ad05-7c67a234f601,Petion-Ville,Pétion-Ville,HT0114,West,HT01,209,item1,Computer Science
182,female,14/11/1997,HT0114,2021-02-21,2021-02-21T12:55:21.558453Z,HT01,Bachelors (bacc +4),Université d'Etat d'Haïti (UEH),['item7'],No,unknown,Yes,Yes,Facebook,Mentorship,906836e2-ce95-11eb-b267-7c67a234f601,Petion-Ville,Pétion-Ville,HT0114,West,HT01,210,item7,Law
183,male,05/12/1996,HT0114,2021-02-21,2021-02-21T17:07:08.106830Z,HT01,Bachelors (bacc +4),Centre de Techniques de Planification et d'Economie Appliquée (CTPEA),"['item2', 'item3']",No,unknown,Yes,Yes,Facebook,Training to start my own company,90685b18-ce95-11eb-99e6-7c67a234f601,Petion-Ville,Pétion-Ville,HT0114,West,HT01,211,item2,Statistics
183,male,05/12/1996,HT0114,2021-02-21,2021-02-21T17:07:08.106830Z,HT01,Bachelors (bacc +4),Centre de Techniques de Planification et d'Economie Appliquée (CTPEA),"['item2', 'item3']",No,unknown,Yes,Yes,Facebook,Training to start my own company,90685b18-ce95-11eb-99e6-7c67a234f601,Petion-Ville,Pétion-Ville,HT0114,West,HT01,212,item3,Economics
184,male,24/04/1995,HT0114,2021-02-21,2021-02-21T17:43:26.893585Z,HT01,Bachelors (bacc +4),Ecole Supérieure d'Infotronique d'Haïti (ESIH),['item1'],No,unknown,Yes,Yes,Friend,Training to start my own company,90687faf-ce95-11eb-ba86-7c67a234f601,Petion-Ville,Pétion-Ville,HT0114,West,HT01,213,item1,Computer Science
185,male,30/09/1994,HT0114,2021-02-22,2021-02-22T17:17:19.920812Z,HT01,Bachelors (bacc +4),Université d'Etat d'Haïti (UEH),['item7'],No,unknown,Yes,Yes,WhatsApp,Switching careers,90687fb0-ce95-11eb-a8e5-7c67a234f601,Petion-Ville,Pétion-Ville,HT0114,West,HT01,214,item7,Law
186,female,10/01/1983,HT0114,2021-02-25,2021-02-25T15:10:49.724443Z,HT01,Other,unknown,['item1'],No,unknown,Yes,Yes,Ayiti Analytics Website,Improving my data analysis skills,9068a856-ce95-11eb-bbd6-7c67a234f601,Petion-Ville,Pétion-Ville,HT0114,West,HT01,215,item1,Computer Science
187,female,25/07/1993,HT0114,2021-02-26,2021-02-26T17:05:33.951514Z,HT01,Other,unknown,['item5'],No,unknown,Yes,No,Friend,Finding a job/internship,9068cd1e-ce95-11eb-a722-7c67a234f601,Petion-Ville,Pétion-Ville,HT0114,West,HT01,216,item5,Accounting
188,male,15/08/1994,HT0114,2021-02-26,2021-02-26T17:58:14.474099Z,HT01,Bachelors (bacc +4),other,['other'],No,unknown,No,Yes,Facebook,Finding a job/internship,9068cd1f-ce95-11eb-b712-7c67a234f601,Petion-Ville,Pétion-Ville,HT0114,West,HT01,217,other,other
189,male,11/10/1997,HT0114,2021-02-28,2021-02-28T11:04:45.987609Z,HT01,Bachelors (bacc +4),Centre de Techniques de Planification et d'Economie Appliquée (CTPEA),['item2'],No,unknown,Yes,Yes,Friend,Improving my data analysis skills,9068f405-ce95-11eb-b487-7c67a234f601,Petion-Ville,Pétion-Ville,HT0114,West,HT01,218,item2,Statistics
190,male,03/01/1991,HT0114,2021-03-02,2021-03-02T20:51:47.044029Z,HT01,Bachelors (bacc +4),Ecole Supérieure d'Infotronique d'Haïti (ESIH),['item1'],Yes,Yes,Yes,Yes,Facebook,Finding a job/internship,9068f406-ce95-11eb-8144-7c67a234f601,Petion-Ville,Pétion-Ville,HT0114,West,HT01,219,item1,Computer Science
191,male,20/06/1995,HT0114,2021-03-06,2021-03-06T02:02:51.896633Z,HT01,Bachelors (bacc +4),other,['item1'],No,unknown,Yes,Yes,Facebook,Improving my data analysis skills,9068f407-ce95-11eb-a25c-7c67a234f601,Petion-Ville,Pétion-Ville,HT0114,West,HT01,220,item1,Computer Science
192,female,10/10/1975,HT0114,2021-03-10,2021-03-10T22:14:04.886995Z,HT01,Bachelors (bacc +4),unknown,['item5'],No,unknown,Yes,unknown,Friend,Improving my data analysis skills,9068f408-ce95-11eb-9caf-7c67a234f601,Petion-Ville,Pétion-Ville,HT0114,West,HT01,221,item5,Accounting
193,male,12/12/1990,HT0114,2021-03-11,2021-03-11T13:37:53.514369Z,HT01,Bachelors (bacc +4),Université d'Etat d'Haïti (UEH),['item6'],No,unknown,Yes,No,WhatsApp,Improving my data analysis skills,9068f409-ce95-11eb-971f-7c67a234f601,Petion-Ville,Pétion-Ville,HT0114,West,HT01,222,item6,Management
194,male,,HT0131,2021-02-16,2021-02-16T17:08:47.869538Z,HT01,Bachelors (bacc +4),Université INUKA,['item1'],No,unknown,Yes,Yes,WhatsApp,Training to start my own company,90691afb-ce95-11eb-a4c3-7c67a234f601,Croix-Des-Bouquets,Croix-Des-Bouquets,HT0131,West,HT01,223,item1,Computer Science
195,male,16/05/1997,HT0131,2021-02-16,2021-02-16T18:00:27.393491Z,HT01,High School (16 years),unknown,['other'],No,unknown,Yes,Yes,Instagram,Finding a job/internship,90691afc-ce95-11eb-98d0-7c67a234f601,Croix-Des-Bouquets,Croix-Des-Bouquets,HT0131,West,HT01,224,other,other
196,male,20/01/1993,HT0131,2021-02-16,2021-02-16T21:05:32.642287Z,HT01,Bachelors (bacc +4),other,['item1'],No,unknown,Yes,Yes,Friend,Switching careers,90691afd-ce95-11eb-b77d-7c67a234f601,Croix-Des-Bouquets,Croix-Des-Bouquets,HT0131,West,HT01,225,item1,Computer Science
197,male,20/08/2000,HT0131,2021-02-17,2021-02-17T03:06:37.042188Z,HT01,High School (16 years),unknown,"['item1', 'item5']",No,unknown,Yes,Yes,ESIH,Training to start my own company,90691afe-ce95-11eb-bc64-7c67a234f601,Croix-Des-Bouquets,Croix-Des-Bouquets,HT0131,West,HT01,226,item1,Computer Science
197,male,20/08/2000,HT0131,2021-02-17,2021-02-17T03:06:37.042188Z,HT01,High School (16 years),unknown,"['item1', 'item5']",No,unknown,Yes,Yes,ESIH,Training to start my own company,90691afe-ce95-11eb-bc64-7c67a234f601,Croix-Des-Bouquets,Croix-Des-Bouquets,HT0131,West,HT01,227,item5,Accounting
198,male,24/10/1992,HT0131,2021-02-19,2021-02-19T23:07:18.188368Z,HT01,Bachelors (bacc +4),other,['item6'],No,unknown,Yes,Yes,Friend,Training to start my own company,90694207-ce95-11eb-b358-7c67a234f601,Croix-Des-Bouquets,Croix-Des-Bouquets,HT0131,West,HT01,228,item6,Management
199,male,01/12/1988,HT0131,2021-02-20,2021-02-20T15:03:34.162994Z,HT01,Other,unknown,['item1'],No,unknown,Yes,No,Facebook,Improving my data analysis skills,90694e10-ce95-11eb-b312-7c67a234f601,Croix-Des-Bouquets,Croix-Des-Bouquets,HT0131,West,HT01,229,item1,Computer Science
200,male,23/04/1993,HT0131,2021-02-24,2021-02-24T21:55:07.312710Z,HT01,Bachelors (bacc +4),Université d'Etat d'Haïti (UEH),['other'],No,unknown,Yes,Yes,Ayiti Analytics Website,Improving my data analysis skills,90694e11-ce95-11eb-838b-7c67a234f601,Croix-Des-Bouquets,Croix-Des-Bouquets,HT0131,West,HT01,230,other,other
201,male,27/06/1997,HT0131,2021-02-25,2021-02-25T23:23:17.756211Z,HT01,High School (16 years),unknown,['item1'],No,unknown,Yes,No,Friend,Finding a job/internship,90694e12-ce95-11eb-812d-7c67a234f601,Croix-Des-Bouquets,Croix-Des-Bouquets,HT0131,West,HT01,231,item1,Computer Science
202,male,19/11/1990,HT0131,2021-03-10,2021-03-10T15:16:55.721796Z,HT01,Other,unknown,['other'],No,unknown,Yes,Yes,Facebook,Finding a job/internship,90694e13-ce95-11eb-bb46-7c67a234f601,Croix-Des-Bouquets,Croix-Des-Bouquets,HT0131,West,HT01,232,other,other
203,male,18/05/1997,HT0131,2021-03-12,2021-03-12T18:32:38.443619Z,HT01,Masters,Université d'Etat d'Haïti (UEH),['other'],Yes,Yes,Yes,Yes,Friend,Improving my data analysis skills,906968f5-ce95-11eb-9e1a-7c67a234f601,Croix-Des-Bouquets,Croix-Des-Bouquets,HT0131,West,HT01,233,other,other
204,male,27/02/1993,HT0434,2021-02-16,2021-02-16T17:18:55.967151Z,HT04,Bachelors (bacc +4),Université d'Etat d'Haïti (UEH),['other'],No,unknown,Yes,Yes,WhatsApp,Improving my data analysis skills,9069789d-ce95-11eb-990c-7c67a234f601,Caracol,Caracol,HT0434,North-East,HT04,234,other,other
205,male,12/05/1995,HT0731,2021-02-16,2021-02-16T18:14:20.488546Z,HT07,Bachelors (bacc +4),Ecole Supérieure d'Infotronique d'Haïti (ESIH),"['item6', 'item1']",No,unknown,Yes,Yes,Friend,Training to start my own company,9069789e-ce95-11eb-883e-7c67a234f601,Aquin,Aquin,HT0731,South,HT07,235,item6,Management
205,male,12/05/1995,HT0731,2021-02-16,2021-02-16T18:14:20.488546Z,HT07,Bachelors (bacc +4),Ecole Supérieure d'Infotronique d'Haïti (ESIH),"['item6', 'item1']",No,unknown,Yes,Yes,Friend,Training to start my own company,9069789e-ce95-11eb-883e-7c67a234f601,Aquin,Aquin,HT0731,South,HT07,236,item1,Computer Science
206,male,05/11/1996,HT0211,2021-02-16,2021-02-16T19:40:36.954500Z,HT02,High School (16 years),unknown,"['item2', 'item3', 'other']",No,unknown,Yes,Yes,Friend,Training to start my own company,9069789f-ce95-11eb-9788-7c67a234f601,Jacmel,Jacmel,HT0211,South-East,HT02,237,item2,Statistics
206,male,05/11/1996,HT0211,2021-02-16,2021-02-16T19:40:36.954500Z,HT02,High School (16 years),unknown,"['item2', 'item3', 'other']",No,unknown,Yes,Yes,Friend,Training to start my own company,9069789f-ce95-11eb-9788-7c67a234f601,Jacmel,Jacmel,HT0211,South-East,HT02,238,item3,Economics
206,male,05/11/1996,HT0211,2021-02-16,2021-02-16T19:40:36.954500Z,HT02,High School (16 years),unknown,"['item2', 'item3', 'other']",No,unknown,Yes,Yes,Friend,Training to start my own company,9069789f-ce95-11eb-9788-7c67a234f601,Jacmel,Jacmel,HT0211,South-East,HT02,239,other,other
207,male,30/03/1999,HT0211,2021-02-19,2021-02-19T16:41:36.607378Z,HT02,Bachelors (bacc +4),other,['other'],No,unknown,Yes,Yes,Friend,Finding a job/internship,90698fe9-ce95-11eb-a607-7c67a234f601,Jacmel,Jacmel,HT0211,South-East,HT02,240,other,other
208,male,10/08/1997,HT0211,2021-02-19,2021-02-19T20:45:29.736297Z,HT02,Bachelors (bacc +4),other,['item1'],No,unknown,Yes,Yes,other,Training to start my own company,90698fea-ce95-11eb-ae89-7c67a234f601,Jacmel,Jacmel,HT0211,South-East,HT02,241,item1,Computer Science
209,female,22/01/2020,HT0711,2021-02-16,2021-02-16T20:03:39.432504Z,HT07,Other,unknown,['other'],No,unknown,No,No,WhatsApp,Improving my data analysis skills,9069a205-ce95-11eb-be5a-7c67a234f601,Les Cayes,Les Cayes,HT0711,South,HT07,242,other,other
210,female,05/08/2021,HT0117,2021-02-17,2021-02-17T14:12:06.298982Z,HT01,Other,unknown,['item1'],No,unknown,Yes,Yes,ESIH,Improving my data analysis skills,9069a206-ce95-11eb-9c6f-7c67a234f601,Cite Soleil,Cité Soleil,HT0117,West,HT01,243,item1,Computer Science
211,male,20/10/1992,HT0117,2021-02-18,2021-02-18T02:43:54.127637Z,HT01,Other,unknown,['item8'],No,unknown,Yes,Yes,WhatsApp,Improving my data analysis skills,9069a207-ce95-11eb-9148-7c67a234f601,Cite Soleil,Cité Soleil,HT0117,West,HT01,244,item8,Medicine
212,male,14/06/2000,HT0117,2021-03-01,2021-03-01T13:52:56.086484Z,HT01,Bachelors (bacc +4),Université INUKA,['item6'],Yes,No,Yes,Yes,WhatsApp,Mentorship,9069b6e0-ce95-11eb-9f22-7c67a234f601,Cite Soleil,Cité Soleil,HT0117,West,HT01,245,item6,Management
213,male,13/12/1994,HT0122,2021-02-17,2021-02-17T14:42:41.267263Z,HT01,High School (16 years),unknown,['item5'],No,unknown,Yes,Yes,WhatsApp,Switching careers,9069b6e1-ce95-11eb-8356-7c67a234f601,Petit-Goave,Petit-Goâve,HT0122,West,HT01,246,item5,Accounting
214,male,03/03/1992,HT0322,2021-02-17,2021-02-17T17:57:26.179559Z,HT03,Bachelors (bacc +4),unknown,['other'],No,unknown,No,No,Facebook,Improving my data analysis skills,9069cfab-ce95-11eb-97af-7c67a234f601,Plaine du Nord,Plaine du Nord,HT0322,North,HT03,247,other,other
215,male,18/07/1999,HT0121,2021-02-18,2021-02-18T15:39:20.543635Z,HT01,High School (16 years),unknown,['other'],No,unknown,Yes,No,Facebook,Training to start my own company,9069cfac-ce95-11eb-9487-7c67a234f601,Leogane,Léogâne,HT0121,West,HT01,248,other,other
216,male,31/10/1983,HT0121,2021-03-10,2021-03-10T20:44:57.468110Z,HT01,Bachelors (bacc +4),Université d'Etat d'Haïti (UEH),['item7'],Yes,No,Yes,Yes,LinkedIn,Improving my data analysis skills,9069ddd5-ce95-11eb-b041-7c67a234f601,Leogane,Léogâne,HT0121,West,HT01,249,item7,Law
217,male,18/11/1998,HT0542,2021-02-18,2021-02-18T16:58:05.948599Z,HT05,Other,unknown,['item6'],No,unknown,Yes,Yes,WhatsApp,Training to start my own company,9069ddd6-ce95-11eb-988c-7c67a234f601,Petite Riviere de l'Artibonite,Petite Rivière de l'Artibonite,HT0542,Artibonite,HT05,250,item6,Management
218,male,11/02/1991,HT0721,2021-02-19,2021-02-19T02:38:19.077569Z,HT07,Other,unknown,['other'],No,unknown,No,No,Friend,Improving my data analysis skills,9069ddd7-ce95-11eb-859c-7c67a234f601,Port-Salut,Port-Salut,HT0721,South,HT07,251,other,other
219,male,25/07/2021,HT0432,2021-02-19,2021-02-19T03:13:38.498903Z,HT04,Bachelors (bacc +4),other,['other'],No,unknown,Yes,Yes,Facebook,Finding a job/internship,9069ddd8-ce95-11eb-b0fb-7c67a234f601,Sainte Suzanne,Sainte Suzanne,HT0432,North-East,HT04,252,other,other
220,male,13/01/1981,HT0134,2021-02-19,2021-02-19T11:33:21.210644Z,HT01,Bachelors (bacc +4),Université INUKA,['item1'],No,unknown,Yes,Yes,Ayiti Analytics Website,Finding a job/internship,906a04c8-ce95-11eb-b468-7c67a234f601,Cornillon / Grand Bois,Cornillon / Grand Bois,HT0134,West,HT01,253,item1,Computer Science
221,male,,HT0443,2021-02-19,2021-02-19T15:31:45.053917Z,HT04,High School (16 years),unknown,['item3'],unknown,unknown,Yes,Yes,LinkedIn,Improving my data analysis skills,906a04c9-ce95-11eb-8f6a-7c67a234f601,Mombin Crochu,Mombin Crochu,HT0443,North-East,HT04,254,item3,Economics
222,male,07/06/1976,HT0116,2021-02-19,2021-02-19T17:21:00.071620Z,HT01,Bachelors (bacc +4),other,"['item1', 'item3']",Yes,Yes,Yes,No,WhatsApp,Mentorship,906a04ca-ce95-11eb-9b48-7c67a234f601,Gressier,Gressier,HT0116,West,HT01,255,item1,Computer Science
222,male,07/06/1976,HT0116,2021-02-19,2021-02-19T17:21:00.071620Z,HT01,Bachelors (bacc +4),other,"['item1', 'item3']",Yes,Yes,Yes,No,WhatsApp,Mentorship,906a04ca-ce95-11eb-9b48-7c67a234f601,Gressier,Gressier,HT0116,West,HT01,256,item3,Economics
223,male,25/03/1986,HT0531,2021-02-19,2021-02-19T17:47:41.991207Z,HT05,Bachelors (bacc +4),other,['item1'],Yes,Yes,Yes,Yes,other,Finding a job/internship,906a04cb-ce95-11eb-9bc2-7c67a234f601,Saint-Marc,Saint-Marc,HT0531,Artibonite,HT05,257,item1,Computer Science
224,male,10/09/1999,HT0531,2021-02-24,2021-02-24T17:40:07.808586Z,HT05,High School (16 years),unknown,['item1'],Yes,Yes,Yes,Yes,Facebook,Improving my data analysis skills,906a04cc-ce95-11eb-b561-7c67a234f601,Saint-Marc,Saint-Marc,HT0531,Artibonite,HT05,258,item1,Computer Science
225,male,22/12/1988,HT0531,2021-03-04,2021-03-04T03:28:00.549733Z,HT05,Bachelors (bacc +4),other,['item1'],No,unknown,Yes,Yes,Facebook,Improving my data analysis skills,906a2d3f-ce95-11eb-a1ba-7c67a234f601,Saint-Marc,Saint-Marc,HT0531,Artibonite,HT05,259,item1,Computer Science
226,male,22/12/1988,HT0531,2021-03-07,2021-03-07T16:55:32.968914Z,HT05,Bachelors (bacc +4),other,['item1'],Yes,Yes,Yes,Yes,WhatsApp,Improving my data analysis skills,906a2d40-ce95-11eb-bee9-7c67a234f601,Saint-Marc,Saint-Marc,HT0531,Artibonite,HT05,260,item1,Computer Science
227,female,14/08/1992,HT0133,2021-02-20,2021-02-20T02:22:39.296589Z,HT01,Bachelors (bacc +4),Université d'Etat d'Haïti (UEH),['item3'],No,unknown,Yes,No,WhatsApp,Improving my data analysis skills,906a2d41-ce95-11eb-b7f9-7c67a234f601,Ganthier,Ganthier,HT0133,West,HT01,261,item3,Economics
228,male,21/06/1982,HT0123,2021-02-20,2021-02-20T10:01:36.488497Z,HT01,Bachelors (bacc +4),Université d'Etat d'Haïti (UEH),['other'],Yes,Yes,Yes,Yes,WhatsApp,Switching careers,906a2d42-ce95-11eb-a3de-7c67a234f601,Grand-Goave,Grand-Goâve,HT0123,West,HT01,262,other,other
229,male,18/07/2021,HT0421,2021-02-20,2021-02-20T22:03:30.047958Z,HT04,Bachelors (bacc +4),Université d'Etat d'Haïti (UEH),['item6'],Yes,Yes,Yes,Yes,Facebook,Improving my data analysis skills,906a52b4-ce95-11eb-b9bd-7c67a234f601,Ouanaminthe,Ouanaminthe,HT0421,North-East,HT04,263,item6,Management
230,male,06/01/1991,HT0421,2021-02-20,2021-02-20T22:16:10.638744Z,HT04,Bachelors (bacc +4),other,['other'],No,unknown,Yes,Yes,WhatsApp,Finding a job/internship,906a52b5-ce95-11eb-9ece-7c67a234f601,Ouanaminthe,Ouanaminthe,HT0421,North-East,HT04,264,other,other
231,male,09/02/1997,HT0421,2021-02-21,2021-02-21T00:50:07.932579Z,HT04,Other,unknown,['other'],No,unknown,Yes,No,WhatsApp,Improving my data analysis skills,906a52b6-ce95-11eb-935f-7c67a234f601,Ouanaminthe,Ouanaminthe,HT0421,North-East,HT04,265,other,other
232,male,12/04/1980,HT0532,2021-02-21,2021-02-21T05:31:23.972525Z,HT05,Other,unknown,"['item1', 'item7']",Yes,Yes,Yes,Yes,WhatsApp,Improving my data analysis skills,906a52b7-ce95-11eb-9c4b-7c67a234f601,Verrettes,Verrettes,HT0532,Artibonite,HT05,266,item1,Computer Science
232,male,12/04/1980,HT0532,2021-02-21,2021-02-21T05:31:23.972525Z,HT05,Other,unknown,"['item1', 'item7']",Yes,Yes,Yes,Yes,WhatsApp,Improving my data analysis skills,906a52b7-ce95-11eb-9c4b-7c67a234f601,Verrettes,Verrettes,HT0532,Artibonite,HT05,267,item7,Law
233,male,22/01/1984,HT0532,2021-02-22,2021-02-22T21:59:40.856417Z,HT05,Other,unknown,['item1'],Yes,Yes,Yes,Yes,WhatsApp,Improving my data analysis skills,906a79ab-ce95-11eb-a1b8-7c67a234f601,Verrettes,Verrettes,HT0532,Artibonite,HT05,268,item1,Computer Science
234,male,28/03/1985,HT0532,2021-03-04,2021-03-04T22:38:28.831412Z,HT05,Bachelors (bacc +4),other,['item1'],Yes,Yes,Yes,Yes,Friend,Improving my data analysis skills,906a79ac-ce95-11eb-9f8a-7c67a234f601,Verrettes,Verrettes,HT0532,Artibonite,HT05,269,item1,Computer Science
235,male,24/02/1997,HT0342,2021-02-21,2021-02-21T10:47:46.723655Z,HT03,Other,unknown,"['item4', 'item1']",Yes,No,Yes,No,Facebook,Finding a job/internship,906a79ad-ce95-11eb-b186-7c67a234f601,Dondon,Dondon,HT0342,North,HT03,270,item4,Electrical Engineering
235,male,24/02/1997,HT0342,2021-02-21,2021-02-21T10:47:46.723655Z,HT03,Other,unknown,"['item4', 'item1']",Yes,No,Yes,No,Facebook,Finding a job/internship,906a79ad-ce95-11eb-b186-7c67a234f601,Dondon,Dondon,HT0342,North,HT03,271,item1,Computer Science
236,male,16/09/1995,HT0311,2021-02-21,2021-02-21T12:38:57.408609Z,HT03,Bachelors (bacc +4),Université d'Etat d'Haïti (UEH),['other'],Yes,No,Yes,Yes,Facebook,Finding a job/internship,906a79ae-ce95-11eb-98c3-7c67a234f601,Cap-Haitien,Cap-Haïtien,HT0311,North,HT03,272,other,other
237,male,19/04/1987,HT0311,2021-02-21,2021-02-21T16:06:15.024556Z,HT03,Bachelors (bacc +4),Université d'Etat d'Haïti (UEH),['item1'],No,unknown,Yes,No,Friend,Improving my data analysis skills,906a79af-ce95-11eb-bd36-7c67a234f601,Cap-Haitien,Cap-Haïtien,HT0311,North,HT03,273,item1,Computer Science
238,male,09/08/1991,HT0311,2021-03-03,2021-03-03T00:04:49.909160Z,HT03,Other,unknown,['item7'],No,unknown,Yes,No,Facebook,Mentorship,906aa0a0-ce95-11eb-8355-7c67a234f601,Cap-Haitien,Cap-Haïtien,HT0311,North,HT03,274,item7,Law
239,male,22/02/1987,HT0311,2021-03-05,2021-03-05T10:29:32.308639Z,HT03,Bachelors (bacc +4),Université d'Etat d'Haïti (UEH),"['item7', 'other']",No,unknown,Yes,Yes,Facebook,Improving my data analysis skills,906aa0a1-ce95-11eb-899e-7c67a234f601,Cap-Haitien,Cap-Haïtien,HT0311,North,HT03,275,item7,Law
239,male,22/02/1987,HT0311,2021-03-05,2021-03-05T10:29:32.308639Z,HT03,Bachelors (bacc +4),Université d'Etat d'Haïti (UEH),"['item7', 'other']",No,unknown,Yes,Yes,Facebook,Improving my data analysis skills,906aa0a1-ce95-11eb-899e-7c67a234f601,Cap-Haitien,Cap-Haïtien,HT0311,North,HT03,276,other,other
240,male,16/07/1995,HT0311,2021-03-12,2021-03-12T04:42:47.222360Z,HT03,Bachelors (bacc +4),Quisqueya University,['item3'],No,unknown,Yes,Yes,Facebook,Training to start my own company,906aa0a2-ce95-11eb-90cb-7c67a234f601,Cap-Haitien,Cap-Haïtien,HT0311,North,HT03,277,item3,Economics
241,male,17/04/1992,HT0611,2021-02-21,2021-02-21T13:13:21.775453Z,HT06,Bachelors (bacc +4),Université d'Etat d'Haïti (UEH),['other'],No,unknown,Yes,Yes,WhatsApp,Switching careers,906aa0a3-ce95-11eb-9611-7c67a234f601,Hinche,Hinche,HT0611,Centre,HT06,278,other,other
242,male,30/03/1983,HT0115,2021-02-23,2021-02-23T03:38:07.770738Z,HT01,Bachelors (bacc +4),other,['other'],Yes,Yes,Yes,Yes,Friend,Training to start my own company,906ac788-ce95-11eb-a6f7-7c67a234f601,Kenscoff,Kenscoff,HT0115,West,HT01,279,other,other
243,male,14/12/1993,HT0313,2021-02-25,2021-02-25T15:29:35.808112Z,HT03,Bachelors (bacc +4),Université d'Etat d'Haïti (UEH),['other'],No,unknown,Yes,Yes,WhatsApp,Switching careers,906b1739-ce95-11eb-8944-7c67a234f601,Limonade,Limonade,HT0313,North,HT03,280,other,other
244,male,25/07/1997,HT0921,2021-02-27,2021-02-27T14:32:11.637410Z,HT09,Bachelors (bacc +4),Ecole Supérieure d'Infotronique d'Haïti (ESIH),['item1'],No,unknown,Yes,Yes,WhatsApp,Improving my data analysis skills,906b173a-ce95-11eb-b3d4-7c67a234f601,Saint-Louis du Nord,Saint-Louis du Nord,HT0921,North-West,HT09,281,item1,Computer Science
245,male,15/02/1994,HT0621,2021-03-02,2021-03-02T18:39:19.873237Z,HT06,Bachelors (bacc +4),other,['other'],Yes,Yes,Yes,Yes,Facebook,Improving my data analysis skills,906b3c84-ce95-11eb-8c2a-7c67a234f601,Mirebalais,Mirebalais,HT0621,Centre,HT06,282,other,other
246,male,08/10/1990,HT0621,2021-03-10,2021-03-10T04:12:49.436213Z,HT06,Bachelors (bacc +4),Université d'Etat d'Haïti (UEH),['item8'],Yes,Yes,Yes,Yes,Friend,Improving my data analysis skills,906b3c85-ce95-11eb-9b87-7c67a234f601,Mirebalais,Mirebalais,HT0621,Centre,HT06,283,item8,Medicine
247,male,28/12/1993,HT0621,2021-03-14,2021-03-14T15:29:32.474055Z,HT06,Bachelors (bacc +4),Centre de Techniques de Planification et d'Economie Appliquée (CTPEA),['item2'],Yes,Yes,Yes,Yes,Friend,Improving my data analysis skills,906b3c86-ce95-11eb-b6a7-7c67a234f601,Mirebalais,Mirebalais,HT0621,Centre,HT06,284,item2,Statistics
248,male,17/04/1992,HT0412,2021-03-08,2021-03-08T16:35:07.806161Z,HT04,Bachelors (bacc +4),other,['item1'],No,unknown,Yes,Yes,Facebook,Improving my data analysis skills,906b65e2-ce95-11eb-8b5c-7c67a234f601,Ferrier,Ferrier,HT0412,North-East,HT04,285,item1,Computer Science
249,male,22/07/1993,HT1012,2021-03-10,2021-03-10T21:41:05.708787Z,HT10,Masters,other,['other'],No,unknown,Yes,Yes,Facebook,Improving my data analysis skills,906b65e3-ce95-11eb-a294-7c67a234f601,Petite Riviere de Nippes,Petite Rivière de Nippes,HT1012,Nippes,HT10,286,other,other
