gender,dob,Age,commune,created_at,department,education_level,university,current_employed,formal_sector_job,have_computer_home,internet_at_home,hear_AA_1,after_AA,quest_id,Commune_en,Commune_Id,Departement,Study Domain,Payment Method
female,1996-09-29,24.0,HT0111,2021-02-16,HT01,Bachelors (bacc +4),other,No,unknown,Yes,Yes,Friend,Finding a job/internship,905ddcf2-ce95-11eb-9a92-7c67a234f601,Port-au-Prince,HT0111,West,other,Unpaid
male,1996-11-24,24.0,HT0111,2021-02-16,HT01,Bachelors (bacc +4),Ecole Supérieure d'Infotronique d'Haïti (ESIH),No,unknown,Yes,Yes,ESIH,Improving my data analysis skills,905e4cf5-ce95-11eb-96a9-7c67a234f601,Port-au-Prince,HT0111,West,Computer Science,Unpaid
male,1996-11-24,24.0,HT0111,2021-02-16,HT01,Bachelors (bacc +4),Ecole Supérieure d'Infotronique d'Haïti (ESIH),No,unknown,Yes,Yes,ESIH,Improving my data analysis skills,905e4cf5-ce95-11eb-96a9-7c67a234f601,Port-au-Prince,HT0111,West,Management,Unpaid
male,1997-07-20,23.0,HT0111,2021-02-16,HT01,High School (16 years),unknown,No,unknown,Yes,Yes,WhatsApp,Mentorship,905e73fd-ce95-11eb-a7b0-7c67a234f601,Port-au-Prince,HT0111,West,other,Unpaid
male,1996-03-12,25.0,HT0111,2021-02-16,HT01,Other,unknown,No,unknown,Yes,Yes,ESIH,Improving my data analysis skills,905e9b27-ce95-11eb-9c37-7c67a234f601,Port-au-Prince,HT0111,West,other,Unpaid
female,1988-04-30,33.0,HT0111,2021-02-16,HT01,Masters,Ecole Supérieure d'Infotronique d'Haïti (ESIH),Yes,Yes,Yes,Yes,WhatsApp,Improving my data analysis skills,905ec1ec-ce95-11eb-8136-7c67a234f601,Port-au-Prince,HT0111,West,Computer Science,Credit Card/Paypal
female,1996-10-09,24.0,HT0111,2021-02-16,HT01,Bachelors (bacc +4),Ecole Supérieure d'Infotronique d'Haïti (ESIH),No,unknown,Yes,Yes,WhatsApp,Improving my data analysis skills,905ec1ed-ce95-11eb-829c-7c67a234f601,Port-au-Prince,HT0111,West,Computer Science,Moncash
female,1991-03-02,30.0,HT0111,2021-02-17,HT01,Bachelors (bacc +4),other,No,unknown,Yes,Yes,ESIH,Mentorship,905ef688-ce95-11eb-9b57-7c67a234f601,Port-au-Prince,HT0111,West,Computer Science,Unpaid
female,1997-10-07,23.0,HT0111,2021-02-17,HT01,High School (16 years),unknown,No,unknown,Yes,Yes,WhatsApp,Training to start my own company,905f0fbd-ce95-11eb-b153-7c67a234f601,Port-au-Prince,HT0111,West,Law,Unpaid
female,1994-12-30,26.0,HT0111,2021-02-17,HT01,Other,unknown,Yes,Yes,Yes,Yes,Facebook,Finding a job/internship,905f36c8-ce95-11eb-bef0-7c67a234f601,Port-au-Prince,HT0111,West,Computer Science,Unpaid
male,1992-09-05,28.0,HT0111,2021-02-17,HT01,Bachelors (bacc +4),Université d'Etat d'Haïti (UEH),No,unknown,Yes,Yes,Friend,Training to start my own company,905f36c9-ce95-11eb-aa33-7c67a234f601,Port-au-Prince,HT0111,West,Management,Unpaid
female,1977-03-08,44.0,HT0111,2021-02-17,HT01,unknown,unknown,Yes,Yes,Yes,Yes,Facebook,Mentorship,905f36ca-ce95-11eb-9411-7c67a234f601,Port-au-Prince,HT0111,West,Management,Unpaid
female,1977-03-08,44.0,HT0111,2021-02-17,HT01,unknown,unknown,Yes,Yes,Yes,Yes,Facebook,Mentorship,905f36ca-ce95-11eb-9411-7c67a234f601,Port-au-Prince,HT0111,West,other,Unpaid
male,1992-03-26,29.0,HT0111,2021-02-17,HT01,Bachelors (bacc +4),Ecole Supérieure d'Infotronique d'Haïti (ESIH),Yes,Yes,Yes,Yes,Facebook,Improving my data analysis skills,905f5dbf-ce95-11eb-a1fb-7c67a234f601,Port-au-Prince,HT0111,West,Computer Science,Unpaid
male,1994-01-11,27.0,HT0111,2021-02-17,HT01,Other,unknown,No,unknown,Yes,Yes,WhatsApp,Switching careers,905f5dc0-ce95-11eb-8056-7c67a234f601,Port-au-Prince,HT0111,West,other,Unpaid
female,1999-01-19,22.0,HT0111,2021-02-17,HT01,Other,unknown,No,unknown,Yes,Yes,Facebook,Improving my data analysis skills,905f5dc1-ce95-11eb-bfa7-7c67a234f601,Port-au-Prince,HT0111,West,Economics,Credit Card/Paypal
male,1987-09-10,33.0,HT0111,2021-02-17,HT01,Masters,Ecole Supérieure d'Infotronique d'Haïti (ESIH),No,unknown,Yes,Yes,ESIH,Finding a job/internship,905f84ab-ce95-11eb-8886-7c67a234f601,Port-au-Prince,HT0111,West,Computer Science,Unpaid
female,1995-02-05,26.0,HT0111,2021-02-17,HT01,Bachelors (bacc +4),Centre de Techniques de Planification et d'Economie Appliquée (CTPEA),No,unknown,Yes,Yes,Bootcamp Alumni,Improving my data analysis skills,905f84ac-ce95-11eb-bf5f-7c67a234f601,Port-au-Prince,HT0111,West,Economics,Unpaid
male,1992-05-02,29.0,HT0111,2021-02-17,HT01,Bachelors (bacc +4),Université INUKA,No,unknown,Yes,Yes,LinkedIn,Improving my data analysis skills,905fab9d-ce95-11eb-a1ed-7c67a234f601,Port-au-Prince,HT0111,West,Computer Science,Unpaid
female,1995-09-21,25.0,HT0111,2021-02-18,HT01,Bachelors (bacc +4),other,Yes,Yes,Yes,Yes,Ayiti Analytics Website,Switching careers,905fab9e-ce95-11eb-a53d-7c67a234f601,Port-au-Prince,HT0111,West,other,Unpaid
male,1997-07-20,23.0,HT0111,2021-02-18,HT01,Bachelors (bacc +4),Université d'Etat d'Haïti (UEH),Yes,Yes,Yes,Yes,WhatsApp,Finding a job/internship,905fd65b-ce95-11eb-b835-7c67a234f601,Port-au-Prince,HT0111,West,other,Unpaid
male,1995-05-12,26.0,HT0111,2021-02-18,HT01,Bachelors (bacc +4),other,No,unknown,Yes,Yes,WhatsApp,Training to start my own company,905ff97f-ce95-11eb-a994-7c67a234f601,Port-au-Prince,HT0111,West,other,Unpaid
male,1993-12-25,27.0,HT0111,2021-02-19,HT01,Bachelors (bacc +4),other,Yes,Yes,Yes,Yes,WhatsApp,Improving my data analysis skills,905ff980-ce95-11eb-98b7-7c67a234f601,Port-au-Prince,HT0111,West,other,Unpaid
female,1998-09-12,22.0,HT0111,2021-02-19,HT01,High School (16 years),unknown,No,unknown,Yes,Yes,Friend,Training to start my own company,90602078-ce95-11eb-bc1d-7c67a234f601,Port-au-Prince,HT0111,West,Medicine,Unpaid
male,2021-02-28,26.76950354609929,HT0111,2021-02-19,HT01,High School (16 years),unknown,Yes,Yes,Yes,Yes,WhatsApp,Mentorship,906036c8-ce95-11eb-8c78-7c67a234f601,Port-au-Prince,HT0111,West,Computer Science,Unpaid
male,1991-10-26,29.0,HT0111,2021-02-19,HT01,Bachelors (bacc +4),Université INUKA,No,unknown,Yes,No,WhatsApp,Finding a job/internship,9060477c-ce95-11eb-ace3-7c67a234f601,Port-au-Prince,HT0111,West,Computer Science,Credit Card/Paypal
male,1986-08-27,34.0,HT0111,2021-02-19,HT01,Other,unknown,Yes,Yes,Yes,Yes,WhatsApp,Switching careers,9060477d-ce95-11eb-ab2e-7c67a234f601,Port-au-Prince,HT0111,West,Computer Science,Unpaid
male,1977-02-13,44.0,HT0111,2021-02-21,HT03,Bachelors (bacc +4),other,No,unknown,Yes,Yes,Friend,Finding a job/internship,9060617e-ce95-11eb-bd26-7c67a234f601,,,,Computer Science,Unpaid
male,1986-08-23,34.0,HT0111,2021-02-21,HT01,Masters,other,No,unknown,Yes,Yes,Facebook,Improving my data analysis skills,906073cb-ce95-11eb-acb0-7c67a234f601,Port-au-Prince,HT0111,West,Management,Unpaid
male,1986-08-23,34.0,HT0111,2021-02-21,HT01,Masters,other,No,unknown,Yes,Yes,Facebook,Improving my data analysis skills,906073cb-ce95-11eb-acb0-7c67a234f601,Port-au-Prince,HT0111,West,other,Unpaid
male,1989-01-13,32.0,HT0111,2021-02-22,HT01,Bachelors (bacc +4),Université INUKA,No,unknown,Yes,Yes,Friend,Improving my data analysis skills,906073cc-ce95-11eb-aac4-7c67a234f601,Port-au-Prince,HT0111,West,Computer Science,Unpaid
female,2000-04-14,21.0,HT0111,2021-02-22,HT01,Other,unknown,No,unknown,Yes,No,Friend,Finding a job/internship,90609554-ce95-11eb-a24a-7c67a234f601,Port-au-Prince,HT0111,West,other,Moncash
female,1998-12-31,22.0,HT0111,2021-02-22,HT01,Other,unknown,No,unknown,Yes,No,Friend,Finding a job/internship,90609555-ce95-11eb-b61a-7c67a234f601,Port-au-Prince,HT0111,West,Law,Unpaid
female,1995-05-14,26.0,HT0111,2021-02-23,HT01,Bachelors (bacc +4),other,Yes,Yes,Yes,Yes,Bootcamp Alumni,Finding a job/internship,9060c2e6-ce95-11eb-b8b8-7c67a234f601,Port-au-Prince,HT0111,West,other,Moncash
female,1996-04-10,25.0,HT0111,2021-02-23,HT01,Bachelors (bacc +4),Université d'Etat d'Haïti (UEH),No,unknown,Yes,Yes,WhatsApp,Switching careers,9060cbb2-ce95-11eb-bac1-7c67a234f601,Port-au-Prince,HT0111,West,Management,Unpaid
male,,26.0,HT0111,2021-02-23,HT01,Other,unknown,No,unknown,Yes,Yes,WhatsApp,Training to start my own company,9060e347-ce95-11eb-abbb-7c67a234f601,Port-au-Prince,HT0111,West,Medicine,Moncash
female,1997-10-01,23.0,HT0111,2021-02-23,HT01,Other,unknown,Yes,Yes,Yes,No,Bootcamp Alumni,Switching careers,90610a3c-ce95-11eb-a50e-7c67a234f601,Port-au-Prince,HT0111,West,other,Moncash
female,1998-04-22,23.0,HT0111,2021-02-24,HT01,Bachelors (bacc +4),Université d'Etat d'Haïti (UEH),No,unknown,Yes,Yes,LinkedIn,Improving my data analysis skills,90611cd3-ce95-11eb-bebc-7c67a234f601,Port-au-Prince,HT0111,West,Management,Moncash
female,1998-04-22,23.0,HT0111,2021-02-24,HT01,Bachelors (bacc +4),Université d'Etat d'Haïti (UEH),No,unknown,Yes,Yes,LinkedIn,Improving my data analysis skills,90611cd3-ce95-11eb-bebc-7c67a234f601,Port-au-Prince,HT0111,West,Law,Moncash
male,1996-10-16,24.0,HT0111,2021-02-24,HT01,Bachelors (bacc +4),other,No,unknown,No,No,other,Improving my data analysis skills,9061312a-ce95-11eb-ba28-7c67a234f601,Port-au-Prince,HT0111,West,Management,Credit Card/Paypal
male,1996-01-03,25.0,HT0111,2021-02-25,HT01,Other,unknown,No,unknown,Yes,Yes,Friend,Improving my data analysis skills,90614c17-ce95-11eb-b604-7c67a234f601,Port-au-Prince,HT0111,West,Medicine,Moncash
male,1994-11-11,26.0,HT0111,2021-02-25,HT01,Bachelors (bacc +4),Ecole Supérieure d'Infotronique d'Haïti (ESIH),No,unknown,Yes,Yes,ESIH,Improving my data analysis skills,9061581f-ce95-11eb-af12-7c67a234f601,Port-au-Prince,HT0111,West,Computer Science,Moncash
male,1994-11-11,26.0,HT0111,2021-02-25,HT01,Bachelors (bacc +4),Ecole Supérieure d'Infotronique d'Haïti (ESIH),No,unknown,Yes,Yes,ESIH,Improving my data analysis skills,9061581f-ce95-11eb-af12-7c67a234f601,Port-au-Prince,HT0111,West,other,Moncash
male,1989-03-09,32.0,HT0111,2021-02-25,HT01,Other,unknown,Yes,Yes,Yes,Yes,Facebook,Switching careers,90615820-ce95-11eb-9088-7c67a234f601,Port-au-Prince,HT0111,West,Accounting,Unpaid
male,1989-03-09,32.0,HT0111,2021-02-25,HT01,Other,unknown,Yes,Yes,Yes,Yes,Facebook,Switching careers,90615820-ce95-11eb-9088-7c67a234f601,Port-au-Prince,HT0111,West,other,Unpaid
male,1996-09-14,24.0,HT0111,2021-02-28,HT01,High School (16 years),unknown,No,unknown,Yes,Yes,Facebook,Improving my data analysis skills,906178f8-ce95-11eb-95e9-7c67a234f601,Port-au-Prince,HT0111,West,Statistics,Unpaid
male,1996-09-14,24.0,HT0111,2021-02-28,HT01,High School (16 years),unknown,No,unknown,Yes,Yes,Facebook,Improving my data analysis skills,906178f8-ce95-11eb-95e9-7c67a234f601,Port-au-Prince,HT0111,West,Economics,Unpaid
male,1987-12-13,33.0,HT0111,2021-03-02,HT01,Bachelors (bacc +4),Ecole Supérieure d'Infotronique d'Haïti (ESIH),Yes,Yes,Yes,Yes,Facebook,Improving my data analysis skills,90617f12-ce95-11eb-a3c8-7c67a234f601,Port-au-Prince,HT0111,West,Accounting,Credit Card/Paypal
male,1996-10-13,24.0,HT0111,2021-03-02,HT01,Other,unknown,Yes,Yes,Yes,Yes,WhatsApp,other,90617f13-ce95-11eb-bc4e-7c67a234f601,Port-au-Prince,HT0111,West,Law,Moncash
male,2001-10-12,19.0,HT0111,2021-03-03,HT01,High School (16 years),unknown,No,unknown,Yes,Yes,other,Finding a job/internship,9061a61c-ce95-11eb-ba30-7c67a234f601,Port-au-Prince,HT0111,West,Management,Unpaid
female,1996-01-11,25.0,HT0111,2021-03-03,HT01,Bachelors (bacc +4),Centre de Techniques de Planification et d'Economie Appliquée (CTPEA),No,unknown,Yes,Yes,other,Mentorship,9061a61d-ce95-11eb-a939-7c67a234f601,Port-au-Prince,HT0111,West,Statistics,Moncash
female,1996-01-11,25.0,HT0111,2021-03-03,HT01,Bachelors (bacc +4),Centre de Techniques de Planification et d'Economie Appliquée (CTPEA),No,unknown,Yes,Yes,other,Mentorship,9061a61d-ce95-11eb-a939-7c67a234f601,Port-au-Prince,HT0111,West,Economics,Moncash
male,1996-04-17,25.0,HT0111,2021-03-03,HT01,Bachelors (bacc +4),Université d'Etat d'Haïti (UEH),No,unknown,Yes,Yes,WhatsApp,Improving my data analysis skills,9061d752-ce95-11eb-afc7-7c67a234f601,Port-au-Prince,HT0111,West,Economics,Unpaid
male,2000-07-31,20.0,HT0111,2021-03-04,HT01,High School (16 years),unknown,No,unknown,Yes,Yes,Friend,Improving my data analysis skills,9061d753-ce95-11eb-967a-7c67a234f601,Port-au-Prince,HT0111,West,Computer Science,Moncash
male,2000-07-31,20.0,HT0111,2021-03-04,HT01,High School (16 years),unknown,No,unknown,Yes,Yes,Friend,Improving my data analysis skills,9061d753-ce95-11eb-967a-7c67a234f601,Port-au-Prince,HT0111,West,other,Moncash
male,1995-05-31,26.0,HT0111,2021-03-08,HT01,Bachelors (bacc +4),other,Yes,Yes,Yes,Yes,LinkedIn,Finding a job/internship,9061d754-ce95-11eb-a086-7c67a234f601,Port-au-Prince,HT0111,West,Computer Science,Unpaid
male,1995-05-12,26.0,HT0111,2021-03-09,HT01,High School (16 years),unknown,No,unknown,Yes,Yes,Facebook,Improving my data analysis skills,9061f3ee-ce95-11eb-a9d9-7c67a234f601,Port-au-Prince,HT0111,West,Computer Science,Unpaid
male,1997-09-12,23.0,HT0111,2021-03-10,HT01,Bachelors (bacc +4),unknown,No,unknown,Yes,Yes,WhatsApp,Training to start my own company,90620452-ce95-11eb-9ec8-7c67a234f601,Port-au-Prince,HT0111,West,other,Unpaid
male,1993-10-19,27.0,HT0111,2021-03-10,HT01,unknown,unknown,Yes,Yes,Yes,Yes,Ayiti Analytics Website,Improving my data analysis skills,90620453-ce95-11eb-bb57-7c67a234f601,Port-au-Prince,HT0111,West,Electrical Engineering,Unpaid
male,1993-10-19,27.0,HT0111,2021-03-10,HT01,unknown,unknown,Yes,Yes,Yes,Yes,Ayiti Analytics Website,Improving my data analysis skills,90620453-ce95-11eb-bb57-7c67a234f601,Port-au-Prince,HT0111,West,Computer Science,Unpaid
male,1993-10-19,27.0,HT0111,2021-03-10,HT01,unknown,unknown,Yes,Yes,Yes,Yes,Ayiti Analytics Website,Improving my data analysis skills,90620453-ce95-11eb-bb57-7c67a234f601,Port-au-Prince,HT0111,West,Management,Unpaid
male,1986-04-14,35.0,HT0111,2021-03-10,HT01,Masters,Université INUKA,No,unknown,Yes,Yes,WhatsApp,Improving my data analysis skills,90621ae1-ce95-11eb-8a7d-7c67a234f601,Port-au-Prince,HT0111,West,Computer Science,Unpaid
male,1990-03-08,31.0,HT0111,2021-03-10,HT01,Other,unknown,No,unknown,Yes,No,LinkedIn,Improving my data analysis skills,90622d22-ce95-11eb-a50b-7c67a234f601,Port-au-Prince,HT0111,West,Electrical Engineering,Unpaid
male,1990-03-08,31.0,HT0111,2021-03-10,HT01,Other,unknown,No,unknown,Yes,No,LinkedIn,Improving my data analysis skills,90622d22-ce95-11eb-a50b-7c67a234f601,Port-au-Prince,HT0111,West,Economics,Unpaid
male,1996-05-05,25.0,HT0111,2021-03-11,HT01,Bachelors (bacc +4),other,Yes,Yes,Yes,Yes,LinkedIn,Improving my data analysis skills,906241d4-ce95-11eb-a1eb-7c67a234f601,Port-au-Prince,HT0111,West,Accounting,Unpaid
male,,26.0,HT0111,2021-03-14,HT01,Bachelors (bacc +4),Ecole Supérieure d'Infotronique d'Haïti (ESIH),No,unknown,Yes,Yes,ESIH,other,906241d5-ce95-11eb-9850-7c67a234f601,Port-au-Prince,HT0111,West,Computer Science,Moncash
male,,26.0,HT0111,2021-03-14,HT01,Bachelors (bacc +4),Ecole Supérieure d'Infotronique d'Haïti (ESIH),No,unknown,Yes,Yes,ESIH,other,906241d5-ce95-11eb-9850-7c67a234f601,Port-au-Prince,HT0111,West,Management,Moncash
male,1992-03-22,29.0,HT0112,2021-02-16,HT01,Bachelors (bacc +4),other,Yes,Yes,Yes,Yes,Bootcamp Alumni,unknown,90625b11-ce95-11eb-b351-7c67a234f601,Delmas,HT0112,West,Computer Science,Unpaid
male,1996-07-09,24.0,HT0112,2021-02-16,HT01,Bachelors (bacc +4),other,No,unknown,Yes,Yes,Friend,Improving my data analysis skills,90626928-ce95-11eb-8f5e-7c67a234f601,Delmas,HT0112,West,Economics,Unpaid
male,1996-07-09,24.0,HT0112,2021-02-16,HT01,Bachelors (bacc +4),other,No,unknown,Yes,Yes,Friend,Improving my data analysis skills,90626928-ce95-11eb-8f5e-7c67a234f601,Delmas,HT0112,West,Management,Unpaid
male,1994-07-28,26.0,HT0112,2021-02-16,HT01,Bachelors (bacc +4),Ecole Supérieure d'Infotronique d'Haïti (ESIH),No,unknown,Yes,No,Friend,Training to start my own company,90626929-ce95-11eb-86fe-7c67a234f601,Delmas,HT0112,West,Computer Science,Unpaid
male,1997-06-25,23.0,HT0112,2021-02-16,HT01,High School (16 years),unknown,No,unknown,Yes,No,Friend,Improving my data analysis skills,9062692a-ce95-11eb-8ab8-7c67a234f601,Delmas,HT0112,West,Management,Moncash
male,1995-10-30,25.0,HT0112,2021-02-16,HT01,Bachelors (bacc +4),Université d'Etat d'Haïti (UEH),No,unknown,Yes,Yes,WhatsApp,Finding a job/internship,90628a02-ce95-11eb-9291-7c67a234f601,Delmas,HT0112,West,Management,Moncash
male,1995-10-30,25.0,HT0112,2021-02-16,HT01,Bachelors (bacc +4),Université d'Etat d'Haïti (UEH),No,unknown,Yes,Yes,WhatsApp,Finding a job/internship,90628a02-ce95-11eb-9291-7c67a234f601,Delmas,HT0112,West,Economics,Moncash
female,1998-08-23,22.0,HT0112,2021-02-16,HT01,Other,unknown,No,unknown,Yes,Yes,Friend,Improving my data analysis skills,90628fbe-ce95-11eb-bb9e-7c67a234f601,Delmas,HT0112,West,other,Unpaid
male,1997-05-17,24.0,HT0112,2021-02-16,HT01,Other,unknown,No,unknown,Yes,Yes,Bootcamp Alumni,Improving my data analysis skills,90628fbf-ce95-11eb-819c-7c67a234f601,Delmas,HT0112,West,Statistics,Moncash
male,1997-05-17,24.0,HT0112,2021-02-16,HT01,Other,unknown,No,unknown,Yes,Yes,Bootcamp Alumni,Improving my data analysis skills,90628fbf-ce95-11eb-819c-7c67a234f601,Delmas,HT0112,West,Economics,Moncash
male,1998-12-25,22.0,HT0112,2021-02-16,HT01,High School (16 years),unknown,No,unknown,Yes,Yes,Friend,Improving my data analysis skills,90628fc0-ce95-11eb-8dae-7c67a234f601,Delmas,HT0112,West,Computer Science,Moncash
male,1995-01-10,26.0,HT0112,2021-02-16,HT01,Bachelors (bacc +4),Université d'Etat d'Haïti (UEH),No,unknown,Yes,Yes,Friend,Improving my data analysis skills,9062b753-ce95-11eb-8959-7c67a234f601,Delmas,HT0112,West,other,Unpaid
male,1996-03-31,25.0,HT0112,2021-02-16,HT01,High School (16 years),unknown,No,unknown,Yes,Yes,Instagram,Finding a job/internship,9062b754-ce95-11eb-b31e-7c67a234f601,Delmas,HT0112,West,other,Credit Card/Paypal
female,1993-09-20,27.0,HT0112,2021-02-16,HT01,Bachelors (bacc +4),other,No,unknown,No,Yes,WhatsApp,Improving my data analysis skills,9062b755-ce95-11eb-85a2-7c67a234f601,Delmas,HT0112,West,Management,Moncash
male,1983-10-15,37.0,HT0112,2021-02-16,HT01,Bachelors (bacc +4),Université d'Etat d'Haïti (UEH),Yes,Yes,Yes,Yes,WhatsApp,Finding a job/internship,9062ddb1-ce95-11eb-bd2f-7c67a234f601,Delmas,HT0112,West,Management,Unpaid
male,1995-09-07,25.0,HT0112,2021-02-16,HT01,Bachelors (bacc +4),other,Yes,Yes,Yes,No,WhatsApp,Finding a job/internship,9062ddb2-ce95-11eb-89d0-7c67a234f601,Delmas,HT0112,West,Computer Science,Unpaid
female,1999-02-19,22.0,HT0112,2021-02-17,HT01,Bachelors (bacc +4),unknown,No,unknown,Yes,Yes,Instagram,Training to start my own company,9062ddb3-ce95-11eb-acc8-7c67a234f601,Delmas,HT0112,West,Management,Unpaid
female,1998-09-20,22.0,HT0112,2021-02-17,HT01,High School (16 years),unknown,No,unknown,Yes,Yes,Ayiti Analytics Website,Improving my data analysis skills,906304a6-ce95-11eb-b475-7c67a234f601,Delmas,HT0112,West,Computer Science,Unpaid
male,1995-09-04,25.0,HT0112,2021-02-17,HT01,Other,unknown,No,unknown,Yes,Yes,Friend,Mentorship,906304a7-ce95-11eb-b805-7c67a234f601,Delmas,HT0112,West,Computer Science,Unpaid
male,1998-10-28,22.0,HT0112,2021-02-17,HT01,Other,unknown,No,unknown,Yes,Yes,LinkedIn,Training to start my own company,90632b9f-ce95-11eb-bb7f-7c67a234f601,Delmas,HT0112,West,other,Unpaid
male,1996-06-22,24.0,HT0112,2021-02-17,HT01,High School (16 years),unknown,Yes,Yes,Yes,Yes,WhatsApp,Finding a job/internship,90632ba0-ce95-11eb-b7c2-7c67a234f601,Delmas,HT0112,West,Law,Unpaid
male,1996-01-06,25.0,HT0112,2021-02-17,HT01,Bachelors (bacc +4),Ecole Supérieure d'Infotronique d'Haïti (ESIH),No,unknown,Yes,Yes,ESIH,Improving my data analysis skills,9063799a-ce95-11eb-b32b-7c67a234f601,Delmas,HT0112,West,Computer Science,Unpaid
male,1996-01-06,25.0,HT0112,2021-02-17,HT01,Bachelors (bacc +4),Ecole Supérieure d'Infotronique d'Haïti (ESIH),No,unknown,Yes,Yes,ESIH,Improving my data analysis skills,9063799a-ce95-11eb-b32b-7c67a234f601,Delmas,HT0112,West,Management,Unpaid
male,1983-11-16,37.0,HT0112,2021-02-17,HT01,Bachelors (bacc +4),Université INUKA,Yes,Yes,Yes,Yes,Friend,Improving my data analysis skills,9063a260-ce95-11eb-87e8-7c67a234f601,Delmas,HT0112,West,Computer Science,Unpaid
male,1995-12-15,25.0,HT0112,2021-02-17,HT01,Other,unknown,No,unknown,Yes,Yes,WhatsApp,Finding a job/internship,9063c77d-ce95-11eb-a120-7c67a234f601,Delmas,HT0112,West,Accounting,Unpaid
male,1987-12-28,33.0,HT0112,2021-02-17,HT01,Bachelors (bacc +4),other,No,unknown,Yes,Yes,WhatsApp,Training to start my own company,9063c77e-ce95-11eb-81b3-7c67a234f601,Delmas,HT0112,West,other,Unpaid
male,1997-01-30,24.0,HT0112,2021-02-17,HT01,Bachelors (bacc +4),Université INUKA,No,unknown,Yes,Yes,WhatsApp,Improving my data analysis skills,9063ee76-ce95-11eb-a84b-7c67a234f601,Delmas,HT0112,West,Computer Science,Unpaid
male,1999-03-12,22.0,HT0112,2021-02-18,HT01,High School (16 years),unknown,unknown,unknown,No,Yes,Instagram,Training to start my own company,9063ee77-ce95-11eb-9098-7c67a234f601,Delmas,HT0112,West,other,Unpaid
male,1980-09-19,40.0,HT0112,2021-02-18,HT01,Other,unknown,No,unknown,Yes,Yes,LinkedIn,Switching careers,9063ee78-ce95-11eb-a8d6-7c67a234f601,Delmas,HT0112,West,Computer Science,Unpaid
male,1992-12-30,28.0,HT0112,2021-02-18,HT01,Bachelors (bacc +4),Ecole Supérieure d'Infotronique d'Haïti (ESIH),No,unknown,Yes,Yes,ESIH,Improving my data analysis skills,90642613-ce95-11eb-8b26-7c67a234f601,Delmas,HT0112,West,Computer Science,Moncash
male,1997-12-02,23.0,HT0112,2021-02-18,HT01,Bachelors (bacc +4),Ecole Supérieure d'Infotronique d'Haïti (ESIH),No,unknown,Yes,Yes,ESIH,Improving my data analysis skills,90642614-ce95-11eb-8db0-7c67a234f601,Delmas,HT0112,West,Computer Science,Unpaid
male,1997-12-02,23.0,HT0112,2021-02-18,HT01,Bachelors (bacc +4),Ecole Supérieure d'Infotronique d'Haïti (ESIH),No,unknown,Yes,Yes,ESIH,Improving my data analysis skills,90642614-ce95-11eb-8db0-7c67a234f601,Delmas,HT0112,West,Management,Unpaid
male,1990-01-30,31.0,HT0112,2021-02-18,HT01,Bachelors (bacc +4),Université d'Etat d'Haïti (UEH),No,unknown,Yes,Yes,Friend,Finding a job/internship,90643c59-ce95-11eb-aec2-7c67a234f601,Delmas,HT0112,West,Electrical Engineering,Unpaid
male,1990-01-30,31.0,HT0112,2021-02-18,HT01,Bachelors (bacc +4),Université d'Etat d'Haïti (UEH),No,unknown,Yes,Yes,Friend,Finding a job/internship,90643c59-ce95-11eb-aec2-7c67a234f601,Delmas,HT0112,West,Computer Science,Unpaid
male,1996-06-21,24.0,HT0112,2021-02-18,HT01,Other,unknown,Yes,Yes,Yes,Yes,Friend,Training to start my own company,90643c5a-ce95-11eb-b510-7c67a234f601,Delmas,HT0112,West,Computer Science,Moncash
male,1991-05-29,30.0,HT0112,2021-02-18,HT01,Other,unknown,No,unknown,Yes,No,Friend,Training to start my own company,90646353-ce95-11eb-9f27-7c67a234f601,Delmas,HT0112,West,other,Unpaid
male,1974-09-19,46.0,HT0112,2021-02-18,HT01,Bachelors (bacc +4),other,Yes,Yes,Yes,Yes,LinkedIn,Training to start my own company,90646354-ce95-11eb-a5c9-7c67a234f601,Delmas,HT0112,West,Economics,Unpaid
male,1994-12-29,26.0,HT0112,2021-02-18,HT01,Bachelors (bacc +4),Quisqueya University,No,unknown,Yes,No,Friend,Switching careers,90646355-ce95-11eb-ae9f-7c67a234f601,Delmas,HT0112,West,other,Unpaid
female,1997-10-16,23.0,HT0112,2021-02-18,HT01,Other,unknown,No,unknown,Yes,Yes,Facebook,Improving my data analysis skills,9064923a-ce95-11eb-a2ad-7c67a234f601,Delmas,HT0112,West,Economics,Moncash
male,2021-08-14,26.76950354609929,HT0112,2021-02-18,HT01,Other,unknown,No,unknown,Yes,Yes,Friend,Improving my data analysis skills,9064923b-ce95-11eb-a771-7c67a234f601,Delmas,HT0112,West,Computer Science,Unpaid
male,1998-06-07,23.0,HT0112,2021-02-18,HT01,Other,unknown,No,unknown,Yes,Yes,Friend,Finding a job/internship,9064b6be-ce95-11eb-b2ac-7c67a234f601,Delmas,HT0112,West,Computer Science,Moncash
male,1998-06-07,23.0,HT0112,2021-02-18,HT01,Other,unknown,No,unknown,Yes,Yes,Friend,Finding a job/internship,9064b6be-ce95-11eb-b2ac-7c67a234f601,Delmas,HT0112,West,other,Moncash
male,1998-06-07,23.0,HT0112,2021-02-18,HT01,Other,unknown,No,unknown,Yes,Yes,Friend,Finding a job/internship,9064b6be-ce95-11eb-b2ac-7c67a234f601,Delmas,HT0112,West,Management,Moncash
male,1991-01-30,30.0,HT0112,2021-02-19,HT01,Other,unknown,No,unknown,Yes,No,WhatsApp,Finding a job/internship,9064c427-ce95-11eb-9d48-7c67a234f601,Delmas,HT0112,West,other,Unpaid
male,1991-03-19,30.0,HT0112,2021-02-19,HT01,Bachelors (bacc +4),Université INUKA,No,unknown,Yes,No,Friend,Improving my data analysis skills,9064c428-ce95-11eb-a021-7c67a234f601,Delmas,HT0112,West,Computer Science,Moncash
male,1989-04-14,32.0,HT0112,2021-02-19,HT01,Bachelors (bacc +4),Ecole Supérieure d'Infotronique d'Haïti (ESIH),Yes,Yes,Yes,Yes,WhatsApp,Improving my data analysis skills,9064d839-ce95-11eb-8172-7c67a234f601,Delmas,HT0112,West,Computer Science,Unpaid
male,1988-01-05,33.0,HT0112,2021-02-19,HT01,Bachelors (bacc +4),Ecole Supérieure d'Infotronique d'Haïti (ESIH),Yes,Yes,Yes,Yes,WhatsApp,Improving my data analysis skills,9064d83a-ce95-11eb-9bef-7c67a234f601,Delmas,HT0112,West,Computer Science,Unpaid
male,1987-01-20,34.0,HT0112,2021-02-20,HT01,Bachelors (bacc +4),Université INUKA,Yes,Yes,Yes,Yes,Ayiti Analytics Website,Improving my data analysis skills,9064d83b-ce95-11eb-a034-7c67a234f601,Delmas,HT0112,West,Computer Science,Unpaid
male,1991-04-21,30.0,HT0112,2021-02-20,HT01,Bachelors (bacc +4),Université d'Etat d'Haïti (UEH),Yes,No,Yes,Yes,Friend,Improving my data analysis skills,9064d83c-ce95-11eb-bc96-7c67a234f601,Delmas,HT0112,West,Accounting,Unpaid
male,1991-04-21,30.0,HT0112,2021-02-20,HT01,Bachelors (bacc +4),Université d'Etat d'Haïti (UEH),Yes,No,Yes,Yes,Friend,Improving my data analysis skills,9064d83c-ce95-11eb-bc96-7c67a234f601,Delmas,HT0112,West,Management,Unpaid
male,1997-12-06,23.0,HT0112,2021-02-20,HT01,Bachelors (bacc +4),other,No,unknown,Yes,Yes,Bootcamp Alumni,Improving my data analysis skills,9064ff26-ce95-11eb-8428-7c67a234f601,Delmas,HT0112,West,Accounting,Moncash
male,1990-07-13,30.0,HT0112,2021-02-21,HT01,Bachelors (bacc +4),Université d'Etat d'Haïti (UEH),No,unknown,Yes,Yes,LinkedIn,Finding a job/internship,9064ff27-ce95-11eb-aaa6-7c67a234f601,Delmas,HT0112,West,other,Moncash
female,1989-06-17,32.0,HT0112,2021-02-23,HT01,Masters,Ecole Supérieure d'Infotronique d'Haïti (ESIH),Yes,Yes,Yes,Yes,Bootcamp Alumni,Improving my data analysis skills,9064ff28-ce95-11eb-857f-7c67a234f601,Delmas,HT0112,West,Computer Science,Credit Card/Paypal
female,1986-08-28,34.0,HT0112,2021-02-23,HT01,Masters,other,No,unknown,Yes,Yes,WhatsApp,Finding a job/internship,9064ff29-ce95-11eb-a3d3-7c67a234f601,Delmas,HT0112,West,Computer Science,Credit Card/Paypal
male,1994-06-01,27.0,HT0112,2021-02-23,HT01,Other,unknown,No,unknown,Yes,Yes,WhatsApp,Mentorship,9064ff2a-ce95-11eb-8430-7c67a234f601,Delmas,HT0112,West,other,Unpaid
male,1996-12-14,24.0,HT0112,2021-02-24,HT01,Bachelors (bacc +4),other,Yes,Yes,Yes,Yes,Friend,Finding a job/internship,90652a93-ce95-11eb-a8af-7c67a234f601,Delmas,HT0112,West,Computer Science,Moncash
female,1994-07-17,26.0,HT0112,2021-02-25,HT01,Other,unknown,No,unknown,No,No,Bootcamp Alumni,Finding a job/internship,90652a94-ce95-11eb-892d-7c67a234f601,Delmas,HT0112,West,other,Unpaid
male,1994-03-23,27.0,HT0112,2021-02-25,HT01,Bachelors (bacc +4),Université INUKA,No,unknown,Yes,Yes,Ayiti Analytics Website,Mentorship,90652a95-ce95-11eb-8845-7c67a234f601,Delmas,HT0112,West,other,Unpaid
male,1995-11-06,25.0,HT0112,2021-02-25,HT01,Bachelors (bacc +4),Centre de Techniques de Planification et d'Economie Appliquée (CTPEA),No,unknown,Yes,Yes,LinkedIn,Improving my data analysis skills,90652a96-ce95-11eb-97b2-7c67a234f601,Delmas,HT0112,West,Statistics,Unpaid
male,1994-04-09,27.0,HT0112,2021-02-26,HT01,Other,unknown,Yes,Yes,Yes,Yes,Friend,Training to start my own company,906555be-ce95-11eb-9d03-7c67a234f601,Delmas,HT0112,West,Management,Unpaid
male,1997-12-13,23.0,HT0112,2021-02-27,HT01,High School (16 years),unknown,Yes,Yes,Yes,Yes,WhatsApp,Improving my data analysis skills,906555bf-ce95-11eb-92ac-7c67a234f601,Delmas,HT0112,West,Computer Science,Unpaid
male,1998-10-21,22.0,HT0112,2021-02-27,HT01,Other,unknown,No,unknown,Yes,Yes,Friend,Switching careers,906555c0-ce95-11eb-a091-7c67a234f601,Delmas,HT0112,West,Management,Unpaid
male,1991-07-11,29.0,HT0112,2021-03-01,HT01,Bachelors (bacc +4),Ecole Supérieure d'Infotronique d'Haïti (ESIH),No,unknown,Yes,Yes,ESIH,Finding a job/internship,906555c1-ce95-11eb-95e0-7c67a234f601,Delmas,HT0112,West,Computer Science,Moncash
female,1988-11-17,32.0,HT0112,2021-03-03,HT01,Masters,other,No,unknown,Yes,Yes,Friend,Improving my data analysis skills,9065740c-ce95-11eb-968f-7c67a234f601,Delmas,HT0112,West,Statistics,Credit Card/Paypal
male,1980-10-20,40.0,HT0112,2021-03-03,HT01,Bachelors (bacc +4),other,No,unknown,No,No,Facebook,Training to start my own company,90658229-ce95-11eb-ab19-7c67a234f601,Delmas,HT0112,West,other,Unpaid
female,,26.0,HT0112,2021-03-03,HT01,Bachelors (bacc +4),Université d'Etat d'Haïti (UEH),No,unknown,Yes,Yes,Friend,Improving my data analysis skills,9065822a-ce95-11eb-9df5-7c67a234f601,Delmas,HT0112,West,other,Unpaid
male,1970-07-12,50.0,HT0112,2021-03-05,HT01,Masters,other,Yes,Yes,Yes,Yes,other,Improving my data analysis skills,9065822b-ce95-11eb-a3e6-7c67a234f601,Delmas,HT0112,West,Computer Science,Unpaid
male,1996-06-23,24.0,HT0112,2021-03-06,HT01,Bachelors (bacc +4),other,No,unknown,Yes,Yes,Friend,Improving my data analysis skills,90659aff-ce95-11eb-bcbe-7c67a234f601,Delmas,HT0112,West,Management,Moncash
male,1997-12-31,23.0,HT0112,2021-03-06,HT01,Bachelors (bacc +4),Centre de Techniques de Planification et d'Economie Appliquée (CTPEA),No,unknown,Yes,Yes,Bootcamp Alumni,Improving my data analysis skills,90659b00-ce95-11eb-9e8f-7c67a234f601,Delmas,HT0112,West,Statistics,Moncash
male,1997-12-31,23.0,HT0112,2021-03-06,HT01,Bachelors (bacc +4),Centre de Techniques de Planification et d'Economie Appliquée (CTPEA),No,unknown,Yes,Yes,Bootcamp Alumni,Improving my data analysis skills,90659b00-ce95-11eb-9e8f-7c67a234f601,Delmas,HT0112,West,Economics,Moncash
male,1994-03-27,27.0,HT0112,2021-03-06,HT01,Bachelors (bacc +4),Université INUKA,No,unknown,Yes,No,Friend,Improving my data analysis skills,90659b01-ce95-11eb-b7ea-7c67a234f601,Delmas,HT0112,West,Computer Science,Moncash
male,1990-03-19,31.0,HT0112,2021-03-07,HT01,"Doctorate (PhD, MD, JD)",other,Yes,Yes,Yes,Yes,Friend,Improving my data analysis skills,90659b02-ce95-11eb-a379-7c67a234f601,Delmas,HT0112,West,Medicine,Unpaid
male,1996-10-15,24.0,HT0112,2021-03-08,HT01,Bachelors (bacc +4),other,No,unknown,No,Yes,Facebook,Finding a job/internship,9065e939-ce95-11eb-9702-7c67a234f601,Delmas,HT0112,West,Management,Unpaid
female,1997-06-09,24.0,HT0112,2021-03-10,HT01,Bachelors (bacc +4),Université d'Etat d'Haïti (UEH),No,unknown,Yes,Yes,ESIH,Improving my data analysis skills,9065e93a-ce95-11eb-887d-7c67a234f601,Delmas,HT0112,West,Management,Unpaid
female,1998-12-29,22.0,HT0112,2021-03-10,HT01,Bachelors (bacc +4),Ecole Supérieure d'Infotronique d'Haïti (ESIH),No,unknown,Yes,Yes,ESIH,Improving my data analysis skills,90660fe1-ce95-11eb-a30e-7c67a234f601,Delmas,HT0112,West,Computer Science,Unpaid
male,1992-08-23,28.0,HT0112,2021-03-11,HT01,Bachelors (bacc +4),Université d'Etat d'Haïti (UEH),No,unknown,Yes,Yes,Facebook,Switching careers,90660fe2-ce95-11eb-a2b5-7c67a234f601,Delmas,HT0112,West,other,Unpaid
male,1994-05-12,27.0,HT0112,2021-03-12,HT01,Bachelors (bacc +4),other,Yes,Yes,Yes,Yes,Ayiti Analytics Website,Improving my data analysis skills,90660fe3-ce95-11eb-8747-7c67a234f601,Delmas,HT0112,West,Computer Science,Unpaid
male,1988-01-01,33.0,HT0112,2021-03-13,HT01,Bachelors (bacc +4),Quisqueya University,Yes,Yes,Yes,Yes,LinkedIn,Improving my data analysis skills,906636ce-ce95-11eb-ba43-7c67a234f601,Delmas,HT0112,West,other,Unpaid
male,1981-08-11,39.0,HT0112,2021-03-13,HT01,Masters,other,Yes,Yes,Yes,Yes,Friend,Improving my data analysis skills,906636cf-ce95-11eb-8679-7c67a234f601,Delmas,HT0112,West,Management,Credit Card/Paypal
male,1995-05-16,26.0,HT0521,2021-02-16,HT05,Other,unknown,No,unknown,Yes,Yes,WhatsApp,Training to start my own company,906636d0-ce95-11eb-9875-7c67a234f601,Gros Morne,HT0521,Artibonite,Computer Science,Unpaid
male,1994-12-13,26.0,HT0118,2021-02-16,HT01,Bachelors (bacc +4),other,Yes,Yes,Yes,Yes,Friend,Training to start my own company,906636d1-ce95-11eb-8379-7c67a234f601,Tabarre,HT0118,West,other,Unpaid
male,1992-11-06,28.0,HT0118,2021-02-17,HT01,Bachelors (bacc +4),Centre de Techniques de Planification et d'Economie Appliquée (CTPEA),No,unknown,Yes,No,LinkedIn,Improving my data analysis skills,90665dbc-ce95-11eb-8162-7c67a234f601,Tabarre,HT0118,West,Statistics,Moncash
male,1996-12-26,24.0,HT0118,2021-02-17,HT01,Other,unknown,No,unknown,Yes,Yes,WhatsApp,Improving my data analysis skills,90665dbd-ce95-11eb-bcc1-7c67a234f601,Tabarre,HT0118,West,Economics,Moncash
male,1996-12-26,24.0,HT0118,2021-02-17,HT01,Other,unknown,No,unknown,Yes,Yes,WhatsApp,Improving my data analysis skills,90665dbd-ce95-11eb-bcc1-7c67a234f601,Tabarre,HT0118,West,Computer Science,Moncash
female,1999-03-08,22.0,HT0118,2021-02-17,HT01,High School (16 years),unknown,No,unknown,Yes,Yes,other,Improving my data analysis skills,90665dbe-ce95-11eb-b66a-7c67a234f601,Tabarre,HT0118,West,Statistics,Unpaid
female,1998-09-16,22.0,HT0118,2021-02-17,HT01,Bachelors (bacc +4),Ecole Supérieure d'Infotronique d'Haïti (ESIH),No,unknown,Yes,Yes,ESIH,Training to start my own company,90665dbf-ce95-11eb-a9b5-7c67a234f601,Tabarre,HT0118,West,Computer Science,Unpaid
male,1994-02-02,27.0,HT0118,2021-02-18,HT01,Bachelors (bacc +4),Ecole Supérieure d'Infotronique d'Haïti (ESIH),No,unknown,Yes,Yes,WhatsApp,Finding a job/internship,90665dc0-ce95-11eb-926f-7c67a234f601,Tabarre,HT0118,West,Computer Science,Moncash
male,1994-02-02,27.0,HT0118,2021-02-18,HT01,Bachelors (bacc +4),Ecole Supérieure d'Infotronique d'Haïti (ESIH),No,unknown,Yes,Yes,WhatsApp,Finding a job/internship,90665dc0-ce95-11eb-926f-7c67a234f601,Tabarre,HT0118,West,Management,Moncash
female,1992-08-27,28.0,HT0118,2021-02-18,HT01,Masters,Université d'Etat d'Haïti (UEH),No,unknown,Yes,Yes,Friend,Improving my data analysis skills,90668798-ce95-11eb-86fc-7c67a234f601,Tabarre,HT0118,West,Computer Science,Moncash
male,1999-09-29,21.0,HT0118,2021-03-03,HT01,High School (16 years),unknown,No,unknown,Yes,Yes,Facebook,Improving my data analysis skills,90668799-ce95-11eb-b4ec-7c67a234f601,Tabarre,HT0118,West,other,Unpaid
male,1998-11-27,22.0,HT0118,2021-03-06,HT01,Bachelors (bacc +4),Centre de Techniques de Planification et d'Economie Appliquée (CTPEA),No,unknown,Yes,Yes,Ayiti Analytics Website,Improving my data analysis skills,9066879a-ce95-11eb-bafa-7c67a234f601,Tabarre,HT0118,West,Statistics,Unpaid
male,1988-09-17,32.0,HT0118,2021-03-07,HT01,Bachelors (bacc +4),unknown,No,unknown,Yes,No,LinkedIn,Improving my data analysis skills,9066879b-ce95-11eb-9d4a-7c67a234f601,Tabarre,HT0118,West,Management,Unpaid
male,1988-09-17,32.0,HT0118,2021-03-07,HT01,Bachelors (bacc +4),unknown,No,unknown,Yes,No,LinkedIn,Improving my data analysis skills,9066879b-ce95-11eb-9d4a-7c67a234f601,Tabarre,HT0118,West,Economics,Unpaid
male,1997-11-23,23.0,HT0118,2021-03-09,HT01,Bachelors (bacc +4),Centre de Techniques de Planification et d'Economie Appliquée (CTPEA),No,unknown,Yes,Yes,WhatsApp,Improving my data analysis skills,9066abb5-ce95-11eb-aa16-7c67a234f601,Tabarre,HT0118,West,Statistics,Unpaid
male,1997-11-23,23.0,HT0118,2021-03-09,HT01,Bachelors (bacc +4),Centre de Techniques de Planification et d'Economie Appliquée (CTPEA),No,unknown,Yes,Yes,WhatsApp,Improving my data analysis skills,9066abb5-ce95-11eb-aa16-7c67a234f601,Tabarre,HT0118,West,Economics,Unpaid
male,1996-10-20,24.0,HT0113,2021-02-16,HT01,Bachelors (bacc +4),Centre de Techniques de Planification et d'Economie Appliquée (CTPEA),No,unknown,Yes,No,Friend,Improving my data analysis skills,9066abb6-ce95-11eb-b526-7c67a234f601,Carrefour,HT0113,West,Statistics,Unpaid
male,1991-11-25,29.0,HT0113,2021-02-16,HT01,Bachelors (bacc +4),unknown,Yes,No,Yes,Yes,Friend,Improving my data analysis skills,9066abb7-ce95-11eb-846d-7c67a234f601,Carrefour,HT0113,West,Economics,Unpaid
male,1991-11-27,29.0,HT0113,2021-02-16,HT01,Bachelors (bacc +4),Centre de Techniques de Planification et d'Economie Appliquée (CTPEA),No,unknown,Yes,Yes,WhatsApp,Improving my data analysis skills,9066abb8-ce95-11eb-b61d-7c67a234f601,Carrefour,HT0113,West,Economics,Unpaid
male,1991-11-27,29.0,HT0113,2021-02-16,HT01,Bachelors (bacc +4),Centre de Techniques de Planification et d'Economie Appliquée (CTPEA),No,unknown,Yes,Yes,WhatsApp,Improving my data analysis skills,9066abb8-ce95-11eb-b61d-7c67a234f601,Carrefour,HT0113,West,Statistics,Unpaid
male,1996-02-26,25.0,HT0113,2021-02-16,HT01,Bachelors (bacc +4),Centre de Techniques de Planification et d'Economie Appliquée (CTPEA),Yes,Yes,No,Yes,Facebook,Improving my data analysis skills,9066abb9-ce95-11eb-af6a-7c67a234f601,Carrefour,HT0113,West,Statistics,Unpaid
male,1996-02-26,25.0,HT0113,2021-02-16,HT01,Bachelors (bacc +4),Centre de Techniques de Planification et d'Economie Appliquée (CTPEA),Yes,Yes,No,Yes,Facebook,Improving my data analysis skills,9066abb9-ce95-11eb-af6a-7c67a234f601,Carrefour,HT0113,West,Economics,Unpaid
female,1991-02-28,30.0,HT0113,2021-02-16,HT01,Bachelors (bacc +4),other,No,unknown,Yes,Yes,Bootcamp Alumni,Finding a job/internship,9066d2aa-ce95-11eb-b221-7c67a234f601,Carrefour,HT0113,West,other,Unpaid
male,1997-10-13,23.0,HT0113,2021-02-17,HT01,Bachelors (bacc +4),other,No,unknown,Yes,No,Ayiti Analytics Website,Training to start my own company,9066d2ab-ce95-11eb-be67-7c67a234f601,Carrefour,HT0113,West,Economics,Moncash
male,1990-09-23,30.0,HT0113,2021-02-17,HT01,Bachelors (bacc +4),Université INUKA,No,unknown,Yes,Yes,Facebook,Finding a job/internship,9066d2ac-ce95-11eb-8752-7c67a234f601,Carrefour,HT0113,West,Computer Science,Unpaid
male,1995-07-08,25.0,HT0113,2021-02-17,HT01,Bachelors (bacc +4),other,No,unknown,Yes,Yes,WhatsApp,Training to start my own company,9066d2ad-ce95-11eb-82c7-7c67a234f601,Carrefour,HT0113,West,Computer Science,Unpaid
female,2000-01-28,21.0,HT0113,2021-02-17,HT01,High School (16 years),unknown,No,unknown,Yes,Yes,WhatsApp,Improving my data analysis skills,9066faad-ce95-11eb-a4b7-7c67a234f601,Carrefour,HT0113,West,Management,Unpaid
female,2000-01-28,21.0,HT0113,2021-02-17,HT01,High School (16 years),unknown,No,unknown,Yes,Yes,WhatsApp,Improving my data analysis skills,9066faad-ce95-11eb-a4b7-7c67a234f601,Carrefour,HT0113,West,Law,Unpaid
female,1995-02-05,26.0,HT0113,2021-02-17,HT01,Bachelors (bacc +4),Centre de Techniques de Planification et d'Economie Appliquée (CTPEA),No,unknown,Yes,Yes,Bootcamp Alumni,Improving my data analysis skills,9066faae-ce95-11eb-9b99-7c67a234f601,Carrefour,HT0113,West,Economics,Unpaid
female,1995-02-05,26.0,HT0113,2021-02-17,HT01,Bachelors (bacc +4),Centre de Techniques de Planification et d'Economie Appliquée (CTPEA),No,unknown,Yes,Yes,Bootcamp Alumni,Improving my data analysis skills,9066faae-ce95-11eb-9b99-7c67a234f601,Carrefour,HT0113,West,Statistics,Unpaid
male,2000-04-03,21.0,HT0113,2021-02-17,HT01,Other,unknown,No,unknown,No,No,Facebook,Improving my data analysis skills,9066faaf-ce95-11eb-beb4-7c67a234f601,Carrefour,HT0113,West,Computer Science,Moncash
male,1996-04-20,25.0,HT0113,2021-02-17,HT01,Bachelors (bacc +4),Université d'Etat d'Haïti (UEH),No,unknown,Yes,Yes,Friend,Improving my data analysis skills,9066fab0-ce95-11eb-ba75-7c67a234f601,Carrefour,HT0113,West,Economics,Unpaid
male,1996-04-20,25.0,HT0113,2021-02-17,HT01,Bachelors (bacc +4),Université d'Etat d'Haïti (UEH),No,unknown,Yes,Yes,Friend,Improving my data analysis skills,9066fab0-ce95-11eb-ba75-7c67a234f601,Carrefour,HT0113,West,Management,Unpaid
female,,26.0,HT0113,2021-02-18,HT01,Bachelors (bacc +4),Université d'Etat d'Haïti (UEH),No,unknown,Yes,Yes,Facebook,Finding a job/internship,9066fab1-ce95-11eb-a4e2-7c67a234f601,Carrefour,HT0113,West,other,Unpaid
female,1992-06-30,28.0,HT0113,2021-02-18,HT01,Bachelors (bacc +4),Université d'Etat d'Haïti (UEH),No,unknown,Yes,Yes,Friend,Improving my data analysis skills,90672094-ce95-11eb-9bfe-7c67a234f601,Carrefour,HT0113,West,other,Unpaid
male,1995-09-19,25.0,HT0113,2021-02-19,HT01,Bachelors (bacc +4),other,No,unknown,Yes,No,Friend,Training to start my own company,90672095-ce95-11eb-a84d-7c67a234f601,Carrefour,HT0113,West,Computer Science,Unpaid
male,2000-02-19,21.0,HT0113,2021-02-22,HT01,Other,unknown,No,unknown,Yes,Yes,WhatsApp,Improving my data analysis skills,90672096-ce95-11eb-9663-7c67a234f601,Carrefour,HT0113,West,Computer Science,Unpaid
male,1988-12-12,32.0,HT0113,2021-02-22,HT01,Bachelors (bacc +4),Centre de Techniques de Planification et d'Economie Appliquée (CTPEA),Yes,Yes,Yes,No,Bootcamp Alumni,Improving my data analysis skills,90672097-ce95-11eb-b73b-7c67a234f601,Carrefour,HT0113,West,Economics,Moncash
male,1993-12-27,27.0,HT0113,2021-02-24,HT01,Masters,Université d'Etat d'Haïti (UEH),No,unknown,Yes,Yes,Bootcamp Alumni,Improving my data analysis skills,90674789-ce95-11eb-ac21-7c67a234f601,Carrefour,HT0113,West,other,Moncash
male,1990-09-13,30.0,HT0113,2021-02-25,HT01,Bachelors (bacc +4),other,Yes,Yes,Yes,Yes,Facebook,Switching careers,9067478a-ce95-11eb-bc48-7c67a234f601,Carrefour,HT0113,West,Computer Science,Unpaid
female,1995-02-15,26.0,HT0113,2021-02-26,HT01,Bachelors (bacc +4),Ecole Supérieure d'Infotronique d'Haïti (ESIH),No,unknown,Yes,Yes,Ayiti Analytics Website,Training to start my own company,9067478b-ce95-11eb-aba9-7c67a234f601,Carrefour,HT0113,West,Computer Science,Unpaid
male,1997-01-14,24.0,HT0113,2021-03-02,HT01,Bachelors (bacc +4),Université d'Etat d'Haïti (UEH),No,unknown,Yes,Yes,Friend,Improving my data analysis skills,9067478c-ce95-11eb-94f6-7c67a234f601,Carrefour,HT0113,West,other,Unpaid
male,1998-10-22,22.0,HT0113,2021-03-03,HT01,High School (16 years),unknown,No,unknown,Yes,Yes,other,other,90676757-ce95-11eb-85fc-7c67a234f601,Carrefour,HT0113,West,Computer Science,Unpaid
male,2000-10-10,20.0,HT0113,2021-03-03,HT01,High School (16 years),unknown,No,unknown,Yes,Yes,Friend,Improving my data analysis skills,90677020-ce95-11eb-a2f6-7c67a234f601,Carrefour,HT0113,West,Economics,Unpaid
male,1997-09-25,23.0,HT0114,2021-02-16,HT01,Bachelors (bacc +4),Ecole Supérieure d'Infotronique d'Haïti (ESIH),No,unknown,Yes,Yes,ESIH,Improving my data analysis skills,90677021-ce95-11eb-a3f5-7c67a234f601,Petion-Ville,HT0114,West,Computer Science,Unpaid
male,1982-10-21,38.0,HT0114,2021-02-16,HT01,High School (16 years),unknown,Yes,Yes,Yes,Yes,Friend,Improving my data analysis skills,90677023-ce95-11eb-8bd4-7c67a234f601,Petion-Ville,HT0114,West,other,Unpaid
male,1995-10-16,25.0,HT0114,2021-02-16,HT01,Bachelors (bacc +4),unknown,Yes,Yes,Yes,Yes,Friend,Improving my data analysis skills,9067957a-ce95-11eb-aff1-7c67a234f601,Petion-Ville,HT0114,West,Computer Science,Unpaid
male,1997-09-06,23.0,HT0114,2021-02-16,HT01,Other,unknown,No,unknown,No,Yes,Ayiti Analytics Website,Improving my data analysis skills,9067957b-ce95-11eb-a3f9-7c67a234f601,Petion-Ville,HT0114,West,other,Moncash
male,1987-04-22,34.0,HT0114,2021-02-17,HT01,Bachelors (bacc +4),Quisqueya University,unknown,unknown,Yes,Yes,Instagram,Switching careers,9067957c-ce95-11eb-9346-7c67a234f601,Petion-Ville,HT0114,West,Accounting,Unpaid
male,1992-09-04,28.0,HT0114,2021-02-17,HT01,Bachelors (bacc +4),Université d'Etat d'Haïti (UEH),Yes,Yes,No,Yes,Friend,Switching careers,9067957d-ce95-11eb-82b5-7c67a234f601,Petion-Ville,HT0114,West,other,Unpaid
male,1990-01-10,31.0,HT0114,2021-02-17,HT01,Other,unknown,No,unknown,Yes,Yes,WhatsApp,Mentorship,9067bc86-ce95-11eb-b97f-7c67a234f601,Petion-Ville,HT0114,West,Computer Science,Unpaid
male,1994-11-05,26.0,HT0114,2021-02-17,HT01,Bachelors (bacc +4),Ecole Supérieure d'Infotronique d'Haïti (ESIH),No,unknown,Yes,Yes,ESIH,Improving my data analysis skills,9067bc87-ce95-11eb-977f-7c67a234f601,Petion-Ville,HT0114,West,Computer Science,Unpaid
male,1994-12-18,26.0,HT0114,2021-02-18,HT01,Bachelors (bacc +4),Université d'Etat d'Haïti (UEH),No,unknown,Yes,Yes,WhatsApp,Improving my data analysis skills,9067ce03-ce95-11eb-8fa0-7c67a234f601,Petion-Ville,HT0114,West,other,Unpaid
male,1995-05-28,26.0,HT0114,2021-02-19,HT01,Other,unknown,Yes,Yes,Yes,Yes,WhatsApp,Improving my data analysis skills,9067e4bf-ce95-11eb-afb1-7c67a234f601,Petion-Ville,HT0114,West,Computer Science,Unpaid
male,2021-02-18,26.76950354609929,HT0114,2021-02-19,HT01,Bachelors (bacc +4),other,No,unknown,Yes,No,WhatsApp,Training to start my own company,9067e4c0-ce95-11eb-bebe-7c67a234f601,Petion-Ville,HT0114,West,Computer Science,Unpaid
male,1982-10-21,38.0,HT0114,2021-02-19,HT01,Bachelors (bacc +4),other,No,unknown,Yes,Yes,other,Improving my data analysis skills,9067e4c1-ce95-11eb-b85a-7c67a234f601,Petion-Ville,HT0114,West,Computer Science,Unpaid
male,1997-02-09,24.0,HT0114,2021-02-20,HT01,High School (16 years),unknown,Yes,Yes,No,Yes,WhatsApp,Training to start my own company,90680a69-ce95-11eb-ac13-7c67a234f601,Petion-Ville,HT0114,West,Computer Science,Unpaid
male,1995-11-09,25.0,HT0114,2021-02-21,HT01,Bachelors (bacc +4),Centre de Techniques de Planification et d'Economie Appliquée (CTPEA),No,unknown,Yes,Yes,Friend,Improving my data analysis skills,90680a6a-ce95-11eb-bf44-7c67a234f601,Petion-Ville,HT0114,West,Statistics,Moncash
male,1993-07-25,27.0,HT0114,2021-02-21,HT01,Bachelors (bacc +4),other,No,unknown,Yes,Yes,Ayiti Analytics Website,Improving my data analysis skills,90680a6b-ce95-11eb-ad05-7c67a234f601,Petion-Ville,HT0114,West,Computer Science,Unpaid
female,1997-11-14,23.0,HT0114,2021-02-21,HT01,Bachelors (bacc +4),Université d'Etat d'Haïti (UEH),No,unknown,Yes,Yes,Facebook,Mentorship,906836e2-ce95-11eb-b267-7c67a234f601,Petion-Ville,HT0114,West,Law,Unpaid
male,1996-05-12,25.0,HT0114,2021-02-21,HT01,Bachelors (bacc +4),Centre de Techniques de Planification et d'Economie Appliquée (CTPEA),No,unknown,Yes,Yes,Facebook,Training to start my own company,90685b18-ce95-11eb-99e6-7c67a234f601,Petion-Ville,HT0114,West,Statistics,Moncash
male,1996-05-12,25.0,HT0114,2021-02-21,HT01,Bachelors (bacc +4),Centre de Techniques de Planification et d'Economie Appliquée (CTPEA),No,unknown,Yes,Yes,Facebook,Training to start my own company,90685b18-ce95-11eb-99e6-7c67a234f601,Petion-Ville,HT0114,West,Economics,Moncash
male,1995-04-24,26.0,HT0114,2021-02-21,HT01,Bachelors (bacc +4),Ecole Supérieure d'Infotronique d'Haïti (ESIH),No,unknown,Yes,Yes,Friend,Training to start my own company,90687faf-ce95-11eb-ba86-7c67a234f601,Petion-Ville,HT0114,West,Computer Science,Moncash
male,1994-09-30,26.0,HT0114,2021-02-22,HT01,Bachelors (bacc +4),Université d'Etat d'Haïti (UEH),No,unknown,Yes,Yes,WhatsApp,Switching careers,90687fb0-ce95-11eb-a8e5-7c67a234f601,Petion-Ville,HT0114,West,Law,Unpaid
female,1983-10-01,37.0,HT0114,2021-02-25,HT01,Other,unknown,No,unknown,Yes,Yes,Ayiti Analytics Website,Improving my data analysis skills,9068a856-ce95-11eb-bbd6-7c67a234f601,Petion-Ville,HT0114,West,Computer Science,Unpaid
female,1993-07-25,27.0,HT0114,2021-02-26,HT01,Other,unknown,No,unknown,Yes,No,Friend,Finding a job/internship,9068cd1e-ce95-11eb-a722-7c67a234f601,Petion-Ville,HT0114,West,Accounting,Unpaid
male,1994-08-15,26.0,HT0114,2021-02-26,HT01,Bachelors (bacc +4),other,No,unknown,No,Yes,Facebook,Finding a job/internship,9068cd1f-ce95-11eb-b712-7c67a234f601,Petion-Ville,HT0114,West,other,Unpaid
male,1997-11-10,23.0,HT0114,2021-02-28,HT01,Bachelors (bacc +4),Centre de Techniques de Planification et d'Economie Appliquée (CTPEA),No,unknown,Yes,Yes,Friend,Improving my data analysis skills,9068f405-ce95-11eb-b487-7c67a234f601,Petion-Ville,HT0114,West,Statistics,Moncash
male,1991-03-01,30.0,HT0114,2021-03-02,HT01,Bachelors (bacc +4),Ecole Supérieure d'Infotronique d'Haïti (ESIH),Yes,Yes,Yes,Yes,Facebook,Finding a job/internship,9068f406-ce95-11eb-8144-7c67a234f601,Petion-Ville,HT0114,West,Computer Science,Unpaid
male,1995-06-20,25.0,HT0114,2021-03-06,HT01,Bachelors (bacc +4),other,No,unknown,Yes,Yes,Facebook,Improving my data analysis skills,9068f407-ce95-11eb-a25c-7c67a234f601,Petion-Ville,HT0114,West,Computer Science,Unpaid
female,1975-10-10,45.0,HT0114,2021-03-10,HT01,Bachelors (bacc +4),unknown,No,unknown,Yes,unknown,Friend,Improving my data analysis skills,9068f408-ce95-11eb-9caf-7c67a234f601,Petion-Ville,HT0114,West,Accounting,Unpaid
male,1990-12-12,30.0,HT0114,2021-03-11,HT01,Bachelors (bacc +4),Université d'Etat d'Haïti (UEH),No,unknown,Yes,No,WhatsApp,Improving my data analysis skills,9068f409-ce95-11eb-971f-7c67a234f601,Petion-Ville,HT0114,West,Management,Unpaid
male,,26.0,HT0131,2021-02-16,HT01,Bachelors (bacc +4),Université INUKA,No,unknown,Yes,Yes,WhatsApp,Training to start my own company,90691afb-ce95-11eb-a4c3-7c67a234f601,Croix-Des-Bouquets,HT0131,West,Computer Science,Moncash
male,1997-05-16,24.0,HT0131,2021-02-16,HT01,High School (16 years),unknown,No,unknown,Yes,Yes,Instagram,Finding a job/internship,90691afc-ce95-11eb-98d0-7c67a234f601,Croix-Des-Bouquets,HT0131,West,other,Unpaid
male,1993-01-20,28.0,HT0131,2021-02-16,HT01,Bachelors (bacc +4),other,No,unknown,Yes,Yes,Friend,Switching careers,90691afd-ce95-11eb-b77d-7c67a234f601,Croix-Des-Bouquets,HT0131,West,Computer Science,Unpaid
male,2000-08-20,20.0,HT0131,2021-02-17,HT01,High School (16 years),unknown,No,unknown,Yes,Yes,ESIH,Training to start my own company,90691afe-ce95-11eb-bc64-7c67a234f601,Croix-Des-Bouquets,HT0131,West,Computer Science,Unpaid
male,2000-08-20,20.0,HT0131,2021-02-17,HT01,High School (16 years),unknown,No,unknown,Yes,Yes,ESIH,Training to start my own company,90691afe-ce95-11eb-bc64-7c67a234f601,Croix-Des-Bouquets,HT0131,West,Accounting,Unpaid
male,1992-10-24,28.0,HT0131,2021-02-19,HT01,Bachelors (bacc +4),other,No,unknown,Yes,Yes,Friend,Training to start my own company,90694207-ce95-11eb-b358-7c67a234f601,Croix-Des-Bouquets,HT0131,West,Management,Unpaid
male,1988-01-12,33.0,HT0131,2021-02-20,HT01,Other,unknown,No,unknown,Yes,No,Facebook,Improving my data analysis skills,90694e10-ce95-11eb-b312-7c67a234f601,Croix-Des-Bouquets,HT0131,West,Computer Science,Unpaid
male,1993-04-23,28.0,HT0131,2021-02-24,HT01,Bachelors (bacc +4),Université d'Etat d'Haïti (UEH),No,unknown,Yes,Yes,Ayiti Analytics Website,Improving my data analysis skills,90694e11-ce95-11eb-838b-7c67a234f601,Croix-Des-Bouquets,HT0131,West,other,Unpaid
male,1997-06-27,23.0,HT0131,2021-02-25,HT01,High School (16 years),unknown,No,unknown,Yes,No,Friend,Finding a job/internship,90694e12-ce95-11eb-812d-7c67a234f601,Croix-Des-Bouquets,HT0131,West,Computer Science,Unpaid
male,1990-11-19,30.0,HT0131,2021-03-10,HT01,Other,unknown,No,unknown,Yes,Yes,Facebook,Finding a job/internship,90694e13-ce95-11eb-bb46-7c67a234f601,Croix-Des-Bouquets,HT0131,West,other,Moncash
male,1997-05-18,24.0,HT0131,2021-03-12,HT01,Masters,Université d'Etat d'Haïti (UEH),Yes,Yes,Yes,Yes,Friend,Improving my data analysis skills,906968f5-ce95-11eb-9e1a-7c67a234f601,Croix-Des-Bouquets,HT0131,West,other,Credit Card/Paypal
male,1993-02-27,28.0,HT0434,2021-02-16,HT04,Bachelors (bacc +4),Université d'Etat d'Haïti (UEH),No,unknown,Yes,Yes,WhatsApp,Improving my data analysis skills,9069789d-ce95-11eb-990c-7c67a234f601,Caracol,HT0434,North-East,other,Unpaid
male,1995-12-05,25.0,HT0731,2021-02-16,HT07,Bachelors (bacc +4),Ecole Supérieure d'Infotronique d'Haïti (ESIH),No,unknown,Yes,Yes,Friend,Training to start my own company,9069789e-ce95-11eb-883e-7c67a234f601,Aquin,HT0731,South,Management,Unpaid
male,1995-12-05,25.0,HT0731,2021-02-16,HT07,Bachelors (bacc +4),Ecole Supérieure d'Infotronique d'Haïti (ESIH),No,unknown,Yes,Yes,Friend,Training to start my own company,9069789e-ce95-11eb-883e-7c67a234f601,Aquin,HT0731,South,Computer Science,Unpaid
male,1996-05-11,25.0,HT0211,2021-02-16,HT02,High School (16 years),unknown,No,unknown,Yes,Yes,Friend,Training to start my own company,9069789f-ce95-11eb-9788-7c67a234f601,Jacmel,HT0211,South-East,Statistics,Credit Card/Paypal
male,1996-05-11,25.0,HT0211,2021-02-16,HT02,High School (16 years),unknown,No,unknown,Yes,Yes,Friend,Training to start my own company,9069789f-ce95-11eb-9788-7c67a234f601,Jacmel,HT0211,South-East,Economics,Credit Card/Paypal
male,1996-05-11,25.0,HT0211,2021-02-16,HT02,High School (16 years),unknown,No,unknown,Yes,Yes,Friend,Training to start my own company,9069789f-ce95-11eb-9788-7c67a234f601,Jacmel,HT0211,South-East,other,Credit Card/Paypal
male,1999-03-30,22.0,HT0211,2021-02-19,HT02,Bachelors (bacc +4),other,No,unknown,Yes,Yes,Friend,Finding a job/internship,90698fe9-ce95-11eb-a607-7c67a234f601,Jacmel,HT0211,South-East,other,Unpaid
male,1997-10-08,23.0,HT0211,2021-02-19,HT02,Bachelors (bacc +4),other,No,unknown,Yes,Yes,other,Training to start my own company,90698fea-ce95-11eb-ae89-7c67a234f601,Jacmel,HT0211,South-East,Computer Science,Unpaid
female,2020-01-22,26.76950354609929,HT0711,2021-02-16,HT07,Other,unknown,No,unknown,No,No,WhatsApp,Improving my data analysis skills,9069a205-ce95-11eb-be5a-7c67a234f601,Les Cayes,HT0711,South,other,Unpaid
female,2021-05-08,26.76950354609929,HT0117,2021-02-17,HT01,Other,unknown,No,unknown,Yes,Yes,ESIH,Improving my data analysis skills,9069a206-ce95-11eb-9c6f-7c67a234f601,Cite Soleil,HT0117,West,Computer Science,Unpaid
male,1992-10-20,28.0,HT0117,2021-02-18,HT01,Other,unknown,No,unknown,Yes,Yes,WhatsApp,Improving my data analysis skills,9069a207-ce95-11eb-9148-7c67a234f601,Cite Soleil,HT0117,West,Medicine,Unpaid
male,2000-06-14,21.0,HT0117,2021-03-01,HT01,Bachelors (bacc +4),Université INUKA,Yes,No,Yes,Yes,WhatsApp,Mentorship,9069b6e0-ce95-11eb-9f22-7c67a234f601,Cite Soleil,HT0117,West,Management,Unpaid
male,1994-12-13,26.0,HT0122,2021-02-17,HT01,High School (16 years),unknown,No,unknown,Yes,Yes,WhatsApp,Switching careers,9069b6e1-ce95-11eb-8356-7c67a234f601,Petit-Goave,HT0122,West,Accounting,Unpaid
male,1992-03-03,29.0,HT0322,2021-02-17,HT03,Bachelors (bacc +4),unknown,No,unknown,No,No,Facebook,Improving my data analysis skills,9069cfab-ce95-11eb-97af-7c67a234f601,Plaine du Nord,HT0322,North,other,Unpaid
male,1999-07-18,21.0,HT0121,2021-02-18,HT01,High School (16 years),unknown,No,unknown,Yes,No,Facebook,Training to start my own company,9069cfac-ce95-11eb-9487-7c67a234f601,Leogane,HT0121,West,other,Unpaid
male,1983-10-31,37.0,HT0121,2021-03-10,HT01,Bachelors (bacc +4),Université d'Etat d'Haïti (UEH),Yes,No,Yes,Yes,LinkedIn,Improving my data analysis skills,9069ddd5-ce95-11eb-b041-7c67a234f601,Leogane,HT0121,West,Law,Unpaid
male,1998-11-18,22.0,HT0542,2021-02-18,HT05,Other,unknown,No,unknown,Yes,Yes,WhatsApp,Training to start my own company,9069ddd6-ce95-11eb-988c-7c67a234f601,Petite Riviere de l'Artibonite,HT0542,Artibonite,Management,Unpaid
male,1991-11-02,29.0,HT0721,2021-02-19,HT07,Other,unknown,No,unknown,No,No,Friend,Improving my data analysis skills,9069ddd7-ce95-11eb-859c-7c67a234f601,Port-Salut,HT0721,South,other,Unpaid
male,2021-07-25,26.76950354609929,HT0432,2021-02-19,HT04,Bachelors (bacc +4),other,No,unknown,Yes,Yes,Facebook,Finding a job/internship,9069ddd8-ce95-11eb-b0fb-7c67a234f601,Sainte Suzanne,HT0432,North-East,other,Unpaid
male,1981-01-13,40.0,HT0134,2021-02-19,HT01,Bachelors (bacc +4),Université INUKA,No,unknown,Yes,Yes,Ayiti Analytics Website,Finding a job/internship,906a04c8-ce95-11eb-b468-7c67a234f601,Cornillon / Grand Bois,HT0134,West,Computer Science,Moncash
male,,26.0,HT0443,2021-02-19,HT04,High School (16 years),unknown,unknown,unknown,Yes,Yes,LinkedIn,Improving my data analysis skills,906a04c9-ce95-11eb-8f6a-7c67a234f601,Mombin Crochu,HT0443,North-East,Economics,Unpaid
male,1976-07-06,44.0,HT0116,2021-02-19,HT01,Bachelors (bacc +4),other,Yes,Yes,Yes,No,WhatsApp,Mentorship,906a04ca-ce95-11eb-9b48-7c67a234f601,Gressier,HT0116,West,Computer Science,Unpaid
male,1976-07-06,44.0,HT0116,2021-02-19,HT01,Bachelors (bacc +4),other,Yes,Yes,Yes,No,WhatsApp,Mentorship,906a04ca-ce95-11eb-9b48-7c67a234f601,Gressier,HT0116,West,Economics,Unpaid
male,1986-03-25,35.0,HT0531,2021-02-19,HT05,Bachelors (bacc +4),other,Yes,Yes,Yes,Yes,other,Finding a job/internship,906a04cb-ce95-11eb-9bc2-7c67a234f601,Saint-Marc,HT0531,Artibonite,Computer Science,Unpaid
male,1999-10-09,21.0,HT0531,2021-02-24,HT05,High School (16 years),unknown,Yes,Yes,Yes,Yes,Facebook,Improving my data analysis skills,906a04cc-ce95-11eb-b561-7c67a234f601,Saint-Marc,HT0531,Artibonite,Computer Science,Unpaid
male,1988-12-22,32.0,HT0531,2021-03-04,HT05,Bachelors (bacc +4),other,No,unknown,Yes,Yes,Facebook,Improving my data analysis skills,906a2d3f-ce95-11eb-a1ba-7c67a234f601,Saint-Marc,HT0531,Artibonite,Computer Science,Unpaid
male,1988-12-22,32.0,HT0531,2021-03-07,HT05,Bachelors (bacc +4),other,Yes,Yes,Yes,Yes,WhatsApp,Improving my data analysis skills,906a2d40-ce95-11eb-bee9-7c67a234f601,Saint-Marc,HT0531,Artibonite,Computer Science,Unpaid
female,1992-08-14,28.0,HT0133,2021-02-20,HT01,Bachelors (bacc +4),Université d'Etat d'Haïti (UEH),No,unknown,Yes,No,WhatsApp,Improving my data analysis skills,906a2d41-ce95-11eb-b7f9-7c67a234f601,Ganthier,HT0133,West,Economics,Unpaid
male,1982-06-21,38.0,HT0123,2021-02-20,HT01,Bachelors (bacc +4),Université d'Etat d'Haïti (UEH),Yes,Yes,Yes,Yes,WhatsApp,Switching careers,906a2d42-ce95-11eb-a3de-7c67a234f601,Grand-Goave,HT0123,West,other,Unpaid
male,2021-07-18,26.76950354609929,HT0421,2021-02-20,HT04,Bachelors (bacc +4),Université d'Etat d'Haïti (UEH),Yes,Yes,Yes,Yes,Facebook,Improving my data analysis skills,906a52b4-ce95-11eb-b9bd-7c67a234f601,Ouanaminthe,HT0421,North-East,Management,Unpaid
male,1991-06-01,30.0,HT0421,2021-02-20,HT04,Bachelors (bacc +4),other,No,unknown,Yes,Yes,WhatsApp,Finding a job/internship,906a52b5-ce95-11eb-9ece-7c67a234f601,Ouanaminthe,HT0421,North-East,other,Unpaid
male,1997-09-02,23.0,HT0421,2021-02-21,HT04,Other,unknown,No,unknown,Yes,No,WhatsApp,Improving my data analysis skills,906a52b6-ce95-11eb-935f-7c67a234f601,Ouanaminthe,HT0421,North-East,other,Unpaid
male,1980-12-04,40.0,HT0532,2021-02-21,HT05,Other,unknown,Yes,Yes,Yes,Yes,WhatsApp,Improving my data analysis skills,906a52b7-ce95-11eb-9c4b-7c67a234f601,Verrettes,HT0532,Artibonite,Computer Science,Credit Card/Paypal
male,1980-12-04,40.0,HT0532,2021-02-21,HT05,Other,unknown,Yes,Yes,Yes,Yes,WhatsApp,Improving my data analysis skills,906a52b7-ce95-11eb-9c4b-7c67a234f601,Verrettes,HT0532,Artibonite,Law,Credit Card/Paypal
male,1984-01-22,37.0,HT0532,2021-02-22,HT05,Other,unknown,Yes,Yes,Yes,Yes,WhatsApp,Improving my data analysis skills,906a79ab-ce95-11eb-a1b8-7c67a234f601,Verrettes,HT0532,Artibonite,Computer Science,Moncash
male,1985-03-28,36.0,HT0532,2021-03-04,HT05,Bachelors (bacc +4),other,Yes,Yes,Yes,Yes,Friend,Improving my data analysis skills,906a79ac-ce95-11eb-9f8a-7c67a234f601,Verrettes,HT0532,Artibonite,Computer Science,Moncash
male,1997-02-24,24.0,HT0342,2021-02-21,HT03,Other,unknown,Yes,No,Yes,No,Facebook,Finding a job/internship,906a79ad-ce95-11eb-b186-7c67a234f601,Dondon,HT0342,North,Electrical Engineering,Unpaid
male,1997-02-24,24.0,HT0342,2021-02-21,HT03,Other,unknown,Yes,No,Yes,No,Facebook,Finding a job/internship,906a79ad-ce95-11eb-b186-7c67a234f601,Dondon,HT0342,North,Computer Science,Unpaid
male,1995-09-16,25.0,HT0311,2021-02-21,HT03,Bachelors (bacc +4),Université d'Etat d'Haïti (UEH),Yes,No,Yes,Yes,Facebook,Finding a job/internship,906a79ae-ce95-11eb-98c3-7c67a234f601,Cap-Haitien,HT0311,North,other,Unpaid
male,1987-04-19,34.0,HT0311,2021-02-21,HT03,Bachelors (bacc +4),Université d'Etat d'Haïti (UEH),No,unknown,Yes,No,Friend,Improving my data analysis skills,906a79af-ce95-11eb-bd36-7c67a234f601,Cap-Haitien,HT0311,North,Computer Science,Unpaid
male,1991-09-08,29.0,HT0311,2021-03-03,HT03,Other,unknown,No,unknown,Yes,No,Facebook,Mentorship,906aa0a0-ce95-11eb-8355-7c67a234f601,Cap-Haitien,HT0311,North,Law,Unpaid
male,1987-02-22,34.0,HT0311,2021-03-05,HT03,Bachelors (bacc +4),Université d'Etat d'Haïti (UEH),No,unknown,Yes,Yes,Facebook,Improving my data analysis skills,906aa0a1-ce95-11eb-899e-7c67a234f601,Cap-Haitien,HT0311,North,Law,Unpaid
male,1987-02-22,34.0,HT0311,2021-03-05,HT03,Bachelors (bacc +4),Université d'Etat d'Haïti (UEH),No,unknown,Yes,Yes,Facebook,Improving my data analysis skills,906aa0a1-ce95-11eb-899e-7c67a234f601,Cap-Haitien,HT0311,North,other,Unpaid
male,1995-07-16,25.0,HT0311,2021-03-12,HT03,Bachelors (bacc +4),Quisqueya University,No,unknown,Yes,Yes,Facebook,Training to start my own company,906aa0a2-ce95-11eb-90cb-7c67a234f601,Cap-Haitien,HT0311,North,Economics,Unpaid
male,1992-04-17,29.0,HT0611,2021-02-21,HT06,Bachelors (bacc +4),Université d'Etat d'Haïti (UEH),No,unknown,Yes,Yes,WhatsApp,Switching careers,906aa0a3-ce95-11eb-9611-7c67a234f601,Hinche,HT0611,Centre,other,Unpaid
male,1983-03-30,38.0,HT0115,2021-02-23,HT01,Bachelors (bacc +4),other,Yes,Yes,Yes,Yes,Friend,Training to start my own company,906ac788-ce95-11eb-a6f7-7c67a234f601,Kenscoff,HT0115,West,other,Unpaid
male,1993-12-14,27.0,HT0313,2021-02-25,HT03,Bachelors (bacc +4),Université d'Etat d'Haïti (UEH),No,unknown,Yes,Yes,WhatsApp,Switching careers,906b1739-ce95-11eb-8944-7c67a234f601,Limonade,HT0313,North,other,Unpaid
male,1997-07-25,23.0,HT0921,2021-02-27,HT09,Bachelors (bacc +4),Ecole Supérieure d'Infotronique d'Haïti (ESIH),No,unknown,Yes,Yes,WhatsApp,Improving my data analysis skills,906b173a-ce95-11eb-b3d4-7c67a234f601,Saint-Louis du Nord,HT0921,North-West,Computer Science,Unpaid
male,1994-02-15,27.0,HT0621,2021-03-02,HT06,Bachelors (bacc +4),other,Yes,Yes,Yes,Yes,Facebook,Improving my data analysis skills,906b3c84-ce95-11eb-8c2a-7c67a234f601,Mirebalais,HT0621,Centre,other,Moncash
male,1990-08-10,30.0,HT0621,2021-03-10,HT06,Bachelors (bacc +4),Université d'Etat d'Haïti (UEH),Yes,Yes,Yes,Yes,Friend,Improving my data analysis skills,906b3c85-ce95-11eb-9b87-7c67a234f601,Mirebalais,HT0621,Centre,Medicine,Unpaid
male,1993-12-28,27.0,HT0621,2021-03-14,HT06,Bachelors (bacc +4),Centre de Techniques de Planification et d'Economie Appliquée (CTPEA),Yes,Yes,Yes,Yes,Friend,Improving my data analysis skills,906b3c86-ce95-11eb-b6a7-7c67a234f601,Mirebalais,HT0621,Centre,Statistics,Credit Card/Paypal
male,1992-04-17,29.0,HT0412,2021-03-08,HT04,Bachelors (bacc +4),other,No,unknown,Yes,Yes,Facebook,Improving my data analysis skills,906b65e2-ce95-11eb-8b5c-7c67a234f601,Ferrier,HT0412,North-East,Computer Science,Moncash
male,1993-07-22,27.0,HT1012,2021-03-10,HT10,Masters,other,No,unknown,Yes,Yes,Facebook,Improving my data analysis skills,906b65e3-ce95-11eb-a294-7c67a234f601,Petite Riviere de Nippes,HT1012,Nippes,other,Moncash
